Company Name,Website,Source,WhatsApp Link,Phone Number,WhatsApp Source,Contact Person,Contact Title,Contact Email,Founder Source,All Emails Found
St. John United Lutheran Church,https://stjohnunited.org,OSM,https://wa.me/0130729,0130729,site mentions WhatsApp,Create Project,Partner,create.project@stjohnunited.org,website,office@stjohnunited.org; create.project@stjohnunited.org
The Little Gym,https://www.thelittlegym.com/SeattleMapleLeafWA,OSM,https://wa.me/0100101,0100101,site mentions WhatsApp,Eunice Won,cto,tlgseattlewa@thelittlegym.com,website,tlgseattlewa@thelittlegym.com
Windy City Pie,https://windycitypie.com,OSM,https://wa.me/0260514,0260514,wa.me API check,,,eatpie@windycitypie.com,none,eatpie@windycitypie.com
Modele's Home Furnishings,https://www.modelesfurniture.com,OSM,https://wa.me/0162019,0162019,wa.me API check,,,contact@modelesfurniture.com,none,contact@modelesfurniture.com
Capitale,https://capitalepizzeria.com,OSM,https://wa.me/0190363,0190363,site mentions WhatsApp,Angela Jones,Team Member,angela.jones@capitalepizzeria.com,website,contact@capitalepizzeria.com; angela.jones@capitalepizzeria.com
Mind & Body Pilates,https://www.seattlepilates.com,OSM,https://wa.me/0150825,0150825,wa.me API check,Pilates Instru,cto,info@seattlepilates.com,website,info@seattlepilates.com
Corsair Athletics,https://traincorsair.com,OSM,https://wa.me/0260127,0260127,site mentions WhatsApp,Facebook Instagram,PARTNER,facebook.instagram@traincorsair.com,website,info@corsairfitness.com; facebook.instagram@traincorsair.com
Herb & Bitter,https://www.herbandbitter.com,OSM,https://wa.me/0732552,0732552,site mentions WhatsApp,,,michael6@herbandbitter.com,none,michael6@herbandbitter.com; oscar@herbandbitter.com; scotty@herbandbitter.com
Poquitos,https://www.vivapoquitos.com,OSM,https://wa.me/0556255,0556255,wa.me API check,,,giftcards@yesparade.com,none,info@vivapoquitos.com; giftcards@yesparade.com
Inspire Ballard,https://inspireseattle.com,OSM,https://wa.me/0260413,0260413,site mentions WhatsApp,About Instru,cto,about.instru@inspireseattle.com,website,info@inspireseattle.com; about.instru@inspireseattle.com
The Little Beast,https://beastandcleaver.com/the-little-beast,OSM,https://wa.me/02506902,02506902,wa.me API check,Cards About,Founder,cards.about@beastandcleaver.com,website,info@beastandcleaver.com; info@littlebeastballard.com; cards.about@beastandcleaver.com
Zeitgeist Coffee,https://www.zeitgeistcoffee.com,OSM,https://wa.me/020760398,020760398,wa.me API check,,,info@zeitgeistcoffee.com,none,info@zeitgeistcoffee.com
Roosevelt Animal Hospital,https://rooseveltah.com,OSM,https://wa.me/09544359667,09544359667,wa.me API check,Google Steph,owner,google.steph@rooseveltah.com,website,hello@rooseveltah.com; info@caravetclinics.wpenginepowered.com; google.steph@rooseveltah.com
City Cellars,https://www.citycellar.com,OSM,https://wa.me/08678667,08678667,wa.me API check,,,mail@citycellar.com,none,mail@citycellar.com
Salon Ritual,https://www.srseattle.com,OSM,https://wa.me/063435890,063435890,wa.me API check,,,hello@srseattle.com,none,hello@srseattle.com
Fit Acupuncture,https://www.fit-acupuncture.com,OSM,https://wa.me/07645196540,07645196540,wa.me API check,,,info@fit-acupuncture.com,none,info@fit-acupuncture.com
Open Flight Studio,http://www.openflightstudio.org,OSM,https://wa.me/0883824847,0883824847,wa.me API check,Bridget Kirk,cto,finance@openflightstudio.com,website,finance@openflightstudio.com; marketing@openflight.com; marketing@openflightstudio.com; rentals@openflightstudio.com
H + dlT Collaborative LLC,https://hdltcollaborative.com,OSM,https://wa.me/0284152,0284152,wa.me API check,Fair Use,owner,fair.use@hdltcollaborative.com,website,info@hdltcollaborative.com; inf0@hdltcollaborative.com; fair.use@hdltcollaborative.com
Discover Gymnastics,https://discovergymnasticsballard.com,OSM,https://wa.me/04900491,04900491,wa.me API check,,,hi@discovergymnasticsballard.com,none,hi@discovergymnasticsballard.com; jemurra@rei.com
City Sweats,https://citysweats.com,OSM,https://wa.me/11727484045788,+11727484045788,wa.me API check,,,hereforyou@citysweats.com,none,hereforyou@citysweats.com
Orangetheory Fitness,https://www.orangetheory.com/en-us/locations/washington/seattle/2032-nw-market-st,OSM,https://wa.me/0100301,0100301,site mentions WhatsApp,,,studiomanager0581@orangetheoryfitness.com,none,studiomanager0581@orangetheoryfitness.com
Dué Cucina Italiana,https://duecucina.com,OSM,https://wa.me/0260721,0260721,wa.me API check,Filippo Fiori,co-founder,filippo@duecucina.com,website,info@duecucina.com; community@duecucina.com; partnerships@duecucina.com; press@duecucina.com; filippo@duecucina.com
Kadampa Meditation Center Washington,https://www.meditateinseattle.org,OSM,https://wa.me/08038382,08038382,wa.me API check,Dharma Prote,cto,info@meditateinseattle.org,website,info@meditateinseattle.org
Metropolitan Market,https://metropolitan-market.com,OSM,https://wa.me/04488844,04488844,wa.me API check,Jean Thompson,CEO,jean.thompson@metropolitan-market.com,website,jean.thompson@metropolitan-market.com
Lupe’s Situ Tacos,https://situtacos.com,OSM,https://wa.me/05802323909,05802323909,wa.me API check,,,catering@situtacos.com,none,info@situtacos.com; catering@situtacos.com
Anytime Fitness,https://www.anytimefitness.com/gyms/106/seattle-wa-98103,OSM,https://wa.me/0201312,0201312,wa.me API check,Sean Erhardt,Owner,fremontwa@anytimefitness.com,website,fremontwa@anytimefitness.com; mediainquiries@sebrands.com
EDGE Personal Training,https://www.edgepersonaltraining.net,OSM,https://wa.me/0108247,0108247,wa.me API check,,,info@edgepersonaltraining.net,none,info@edgepersonaltraining.net
Henry's Gymnasium,https://henrysgymnasium.com/capitol-hill,OSM,https://wa.me/02605241031,02605241031,site mentions WhatsApp,,,epicexperience@henrysgymnasium.com,none,epicexperience@henrysgymnasium.com
El Sueñito,https://www.elsuenitobrewing.com/seattle,OSM,https://wa.me/01320137,01320137,site mentions WhatsApp,,,hello@elsuenitobrewing.com,none,hello@elsuenitobrewing.com; catering@frelardtamales.com
Summit and Terrace,https://www.summitandterrace.com,OSM,https://wa.me/09043006,09043006,wa.me API check,,,hello@summitandterrace.com,none,hello@summitandterrace.com
Ballard Health Club,https://www.ballardhealthclub.com,OSM,https://wa.me/0611639188,0611639188,wa.me API check,Overview Personal,Partner,info@ballardhealthclub.com,website,info@ballardhealthclub.com
Pacific Maritime Title,https://www.pmtitle.com,OSM,https://wa.me/04000486,04000486,site mentions WhatsApp,Conact Address,Owner,info@pmtitle.com,website,info@pmtitle.com
Telenav,https://www.telenav.com,OSM,https://wa.me/0105357,0105357,wa.me API check,And New,Partner,business@telenav.com,website,business@telenav.com; support@telenav.com; marketing@telenav.com
Schemata Workshop,https://www.schemataworkshop.com,OSM,https://wa.me/0119574439,0119574439,wa.me API check,,,info@schemataworkshop.com,none,info@schemataworkshop.com
MR.,https://mr.studio,OSM,https://wa.me/02817314,02817314,wa.me API check,The Do,cto,the@mr.studio,website,bellevue@mr.studio; seattle@mr.studio; the@mr.studio
Seattle Meowtropolitan,https://seattlemeowtropolitan.com,OSM,https://wa.me/091494947,091494947,wa.me API check,Contact Folder,Partner,contact.folder@seattlemeowtropolitan.com,website,info@seattlemeowtropolitan.com; adoption@meowtropolitan.org; contact.folder@seattlemeowtropolitan.com
Pranify Yoga,https://pranifyyoga.com/seattle,OSM,https://wa.me/0260301,0260301,site mentions WhatsApp,Brandon Sutton,Owner,brandon.sutton@pranifyyoga.com,website,info@haleayoga.com; brandon.sutton@pranifyyoga.com
Stitches,https://stitchesseattle.com,OSM,https://wa.me/01052400,01052400,wa.me API check,,,image_330x330@2x.heic,none,info@stitchesseattle.com; image_330x330@2x.heic
Deity Skincare,https://www.deityskincare.com,OSM,https://wa.me/025848388672,025848388672,wa.me API check,,,divineskin@deityskincare.com,none,divineskin@deityskincare.com
Persistence Athletics,https://persistenceathletics.com,OSM,https://wa.me/0157724,0157724,wa.me API check,Fit Seminar,Owner,fit.seminar@persistenceathletics.com,website,info@persistenceathletics.com; fit.seminar@persistenceathletics.com
Vital T Leaf,https://vtlseattle.com,OSM,https://wa.me/02739731,02739731,wa.me API check,Learn More,cto,learn.more@vtlseattle.com,website,info@vtlseattle.com; learn.more@vtlseattle.com
University District Food Bank,https://udistrictfoodbank.org,OSM,https://wa.me/098774501291,098774501291,wa.me API check,Contact Us,Partner,contact@udistrictfoodbank.org,website,udfb@udistrictfoodbank.org; contact@udistrictfoodbank.org
Marcelo Alonso Brazilian Jiu-Jitsu,https://www.mabjj.com,OSM,https://wa.me/0140301,0140301,wa.me API check,About Instru,cto,info@mabjj.com,website,info@mabjj.com
Page Ahead Children's Literacy Program,https://pageahead.org,OSM,https://wa.me/112967127861024,+112967127861024,wa.me API check,,,info@pageahead.org,none,info@pageahead.org
"Swifty Printing & Digital Imaging, Inc.",https://swiftydi.com,OSM,https://wa.me/02010100,02010100,site mentions WhatsApp,,,swifty@swiftydi.com,none,swifty@swiftydi.com
Banfield Pet Hospital,https://banfield.com,OSM,https://wa.me/0211027,0211027,wa.me API check,Banfield Shop,partner,banfield.shop@banfield.com,website,info@banfieldfoundation.org; banfield.websupport@banfield.com; banfieldcares@banfield.com; cst.inbox@banfield.com; email@emailserver.com; home.delivery@banfield.com; owp@banfield.com; wellnessplanteam@banfield.com; banfield.shop@banfield.com
Positive Spin,https://positivespinpoledance.com,OSM,https://wa.me/0251220,0251220,site mentions WhatsApp,About Meet,cto,about.meet@positivespinpoledance.com,website,info@positivespinpoledance.com; about.meet@positivespinpoledance.com
Pilates on 10th,https://www.pilateson10th.com,OSM,https://wa.me/01680169,01680169,wa.me API check,Refresh Your,cto,info@pilateson10th.com,website,info@pilateson10th.com
Aldea Home & Baby,https://aldeahome.com,OSM,https://wa.me/02906286,02906286,wa.me API check,,,info@aldeahome.com,none,info@aldeahome.com
Britescape,https://www.britescape.com,OSM,https://wa.me/024390244,024390244,site mentions WhatsApp,Find Us,owner,info@britescape.com,website,info@britescape.com; welcome@britescape.com
Swoon City,https://swoon.city,OSM,https://wa.me/0127539,0127539,wa.me API check,,,info@swoon.city,none,info@swoon.city
Embrace the Moon,https://embracethemoon.com,OSM,https://wa.me/097622259,097622259,wa.me API check,Instructors Our,Founder,instructors@embracethemoon.com,website,kim@embracethemoon.com; instructors@embracethemoon.com
Red Square Yoga,https://www.redsquareyoga.com,OSM,https://wa.me/01620177,01620177,wa.me API check,Healing Yoga,founder,info@redsquareyoga.com,website,info@redsquareyoga.com; stacy@redquareyoga.com
City University of Seattle,https://www.cityu.edu,OSM,https://wa.me/0260730,0260730,wa.me API check,Admissions Transfer,Partner,info@cityu.edu,website,info@cityu.edu
Thunder Road Guitars,https://www.thunderroadguitars.com,OSM,https://wa.me/0371024,0371024,wa.me API check,,,hello@thunderroadguitars.com,none,hello@thunderroadguitars.com
Ingersoll Gender Center,https://ingersollgendercenter.org,OSM,https://wa.me/110101839676,+110101839676,wa.me API check,,,info@ingersollgendercenter.org,none,info@ingersollgendercenter.org; support@ingersollgendercenter.org
Lifted Beauty & Wellness,https://www.liftedbeautyandwellness.com,OSM,https://wa.me/0230731,0230731,wa.me API check,Beth Colombo,Owner,hello@liftedbeautyandwellness.com,website,hello@liftedbeautyandwellness.com
Blu Dot,https://www.bludot.com/blu-dot-seattle,OSM,https://wa.me/0704211,0704211,wa.me API check,,,seattle@bludot.com,none,seattle@bludot.com
Ballard Consignment,https://ballardconsignment.com,OSM,https://wa.me/01108896658677150617,01108896658677150617,wa.me API check,,,ballard@ballardconsignment.com,none,support@ballardconsignment.com; ballard@ballardconsignment.com; broadview@ballardconsignment.com; everett@ballardconsignment.com
University Cooperative School,https://www.ucoopschool.org,OSM,https://wa.me/09127295,09127295,wa.me API check,Jeanne Garland,Head of,info@ucoopschool.org,website,info@ucoopschool.org; admissions@ucoopschool.org; jeanne@ucoopschool.org; kyra@ucoopschool.org
Bodytonic Pilates,https://www.bodytonicpilates.com,OSM,https://wa.me/01320137,01320137,site mentions WhatsApp,,,info@bodytonicpilates.com,none,info@bodytonicpilates.com; nadia@bodytonicpilates.com
Downtown Emergency Service Center,https://www.desc.org,OSM,https://wa.me/01000600,01000600,site mentions WhatsApp,Awareness Day,partner,info@desc.org,website,info@desc.org
Emerald City Comedy Club,https://comedyslashbar.com,OSM,https://wa.me/0260910,0260910,wa.me API check,,,tickets@emeraldcitycomedy.com,none,tickets@emeraldcitycomedy.com
MacDonald-Miller,https://macmiller.com,OSM,https://wa.me/03270600,03270600,wa.me API check,Culture Pat,Vice President,culture.pat@macmiller.com,website,culture.pat@macmiller.com
Breathe Hot Yoga,https://www.breathehotyoga.com,OSM,https://wa.me/05102025416,05102025416,wa.me API check,,,customer-service@breathehotyoga.com,none,customer-service@breathehotyoga.com
Greene Information Systems,https://greeneis.com,OSM,https://wa.me/0260507,0260507,site mentions WhatsApp,Gina Peckman,CEO,gina@greeneis.com,website,gissales@greeneis.com; gina@greeneis.com
Seattle Yoga Arts,https://www.seattleyogaarts.com,OSM,https://wa.me/04528808594,04528808594,wa.me API check,Faculty Classes,Founder,info@seattleyogaarts.com,website,info@seattleyogaarts.com
Kinesia Pilates,https://www.kinesiapilates.com,OSM,https://wa.me/0275762,0275762,wa.me API check,Joseph Pilates,cto,hello@kinesiapilates.com,website,hello@kinesiapilates.com
Leicht,https://leichtseattle.com,OSM,https://wa.me/0279990106,0279990106,wa.me API check,Tis Germany,owner,tis.germany@leichtseattle.com,website,sale@leicht-seattle.com; yuval@ysbuilt.com; tis.germany@leichtseattle.com
Eggleston Farkas,https://eggfarkarch.com,OSM,https://wa.me/0761184517,0761184517,wa.me API check,Allan Farkas,partner,allan.farkas@eggfarkarch.com,website,info@eggfarkarch.com; allan.farkas@eggfarkarch.com
BetterBuilders,https://www.betterbuilders.com,OSM,https://wa.me/05544515711778115835,05544515711778115835,wa.me API check,Learn More,owner,contactus@betterbuilders.com,website,contactus@betterbuilders.com
Suitsupply,https://suitsupply.com/en-us/stores/seattledowntown,OSM,https://wa.me/1135172276997,+1135172276997,site mentions WhatsApp,Custom Made,Team Member,custom@suitsupply.com,website,seattledowntown@suitsupply.com; service@suitsupply.com; custom@suitsupply.com
Zoo Brazilian Jiu Jitsu,https://www.zoobjjsea.com,OSM,https://wa.me/03080309,03080309,wa.me API check,Contact More,cto,info@zoobjjsea.com,website,info@zoobjjsea.com
Mother Yoga Seattle,https://www.motheryogaseattle.com,OSM,https://wa.me/04900491,04900491,site mentions WhatsApp,,,support@schedulista.com,none,support@schedulista.com
NorthSea Orthopedic & Community Acupuncture,https://northseaforme.com,OSM,https://wa.me/0260331,0260331,wa.me API check,,,clinic@northseaforme.com,none,clinic@northseaforme.com
Orangetheory Fitness,https://www.orangetheory.com/en-us/locations/washington/seattle/7317-35th-avenue-ne,OSM,https://wa.me/0100301,0100301,site mentions WhatsApp,,,studiomanager0584@orangetheoryfitness.com,none,studiomanager0584@orangetheoryfitness.com
Washington Clean Energy Testbeds,http://depts.washington.edu/wcet,OSM,https://wa.me/0260220,0260220,wa.me API check,New Lab,Partner,new.lab@depts.washington.edu,website,wcet@uw.edu; new.lab@depts.washington.edu
Sound Business Forms,https://soundbusinessforms.com,OSM,https://wa.me/0753086,0753086,wa.me API check,,,info@soundbusinessforms.com,none,info@soundbusinessforms.com
North Helpline,https://www.northhelpline.org,OSM,https://wa.me/01203332,01203332,wa.me API check,About Us,Partner,frontdesk@northhelpline.org,website,frontdesk@northhelpline.org; hd@northhelpline.org; volunteers@northhelpline.org
Vice Athletics,https://www.viceathletics.com,OSM,https://wa.me/06860854,06860854,site mentions WhatsApp,,,joe@viceathletics.com,none,joe@viceathletics.com
Rachel's Bagels and Burritos,https://www.rachelsbagels.com/lake-city,OSM,https://wa.me/01520153,01520153,site mentions WhatsApp,,,everything@rachelsbagels.com,none,everything@rachelsbagels.com
American Dance Institute,https://www.americandanceinstitute.com,OSM,https://wa.me/033248248,033248248,wa.me API check,American Dance,founder,adiseattle@americandanceinstitute.com,website,adiseattle@americandanceinstitute.com; adishoreline@americandanceinstitute.com
eXit SPACE,http://exitspacedance.com,OSM,https://wa.me/025072810,025072810,wa.me API check,,,info@exitspacedance.com,none,info@exitspacedance.com
Barry's,https://www.barrysbootcamp.com/studio/seattle,OSM,https://wa.me/0236185,0236185,wa.me API check,Double Floor,cto,seattle@barrys.com,website,seattle@barrys.com
Geocaching HQ,https://www.geocaching.com,OSM,https://wa.me/0260729,0260729,wa.me API check,Legal Representative,Team Member,contact@geocaching.com,website,contact@geocaching.com; legal@geocaching.com
Seattle Visitor Center,https://www.visitseattle.org,OSM,https://wa.me/0241003134316,0241003134316,wa.me API check,Destination Experience,Senior,resumes@visitseattle.org,website,resumes@visitseattle.org; ldavis@visitseattle.org; rschupp@visitseattle.org; visinfo@visitseattle.org
Entity Candles,https://www.entitycandles.com,OSM,https://wa.me/098014642,098014642,site mentions WhatsApp,,,info@entitycandles.com,none,info@entitycandles.com; shanisek@entitycandles.com
Ye Olde Curiosity Shop,https://www.yeoldecuriosityshop.com,OSM,https://wa.me/05100513,05100513,wa.me API check,,,info@yeoldecuriosityshop.com,none,info@yeoldecuriosityshop.com
Inspire,https://inspireseattle.com/westseattle-home.html,OSM,https://wa.me/0250903,0250903,site mentions WhatsApp,About Instru,cto,about.instru@inspireseattle.com,website,info@inspireseattle.com; about.instru@inspireseattle.com
Gentle Point Traditional Chinese Medicine,https://www.gentlepoint.org,OSM,https://wa.me/01020103,01020103,wa.me API check,Herbal Medicine,cto,office@gentlepoint.org,website,office@gentlepoint.org
Citydog! Club,https://www.citydogclub.com,OSM,https://wa.me/05925671,05925671,site mentions WhatsApp,,,wiggleadd@citydogclub.com,none,wiggleadd@citydogclub.com; wigglemv@citydogclub.com; wigglesd@doozydogclub.com; wigglesea@citydogclub.com; wigglewdc@doozydogclub.com; wigglewla@citydogclub.com
Kizuki Ramen & Izakaya - Capitol Hill,https://www.kizuki.com,OSM,https://wa.me/0260721,0260721,site mentions WhatsApp,,,contactus@kizuki.com,none,contactus@kizuki.com; carmel@kizuki.com
Bella Vita,https://lovelybride.com,OSM,https://wa.me/0341023446,0341023446,wa.me API check,San Diego,cto,san@lovelybride.com,website,support@lovelybride.com; atlanta@lovelybride.com; charleston@lovelybride.com; charlotte@lovelybride.com; chicago@lovelybride.com; cincinnati@lovelybride.com; dallas@lovelybride.com; dc@lovelybride.com; houston@lovelybride.com; la@lovelybride.com; london@lovelybride.com; losgatos@lovelybride.com; marketing@lovelybride.com; miami@lovelybride.com; nyc@lovelybride.com; ourlovelies@lovelybride.com; philly@lovelybride.com; phoenix@lovelybride.com; providence@lovelybride.com; rochester@lovelybride.com; sd@lovelybride.com; seattle@lovelybride.com; san@lovelybride.com
Shred Nations,https://www.shrednations.com/seattle,OSM,https://wa.me/026080101,026080101,wa.me API check,Free Quote,Partner,support@shrednations.com,website,support@shrednations.com; seattle@shrednations.com
Dogcity West Seattle,https://dogcityseattle.com,OSM,https://wa.me/0250711,0250711,wa.me API check,Jose Rodriguez,owner,jose.rodriguez@dogcityseattle.com,website,info@dogcityseattle.com; john@doe.com; jose.rodriguez@dogcityseattle.com
Ballard Animal Hospital,https://www.ballardanimalhospital.com,OSM,https://wa.me/017333934,017333934,wa.me API check,Closed Sun,CTO,info@ballardanimalhospital.com,website,info@ballardanimalhospital.com
SkinSpirit,https://www.skinspirit.com/locations/seattle-green-lake,OSM,https://wa.me/052474318,052474318,wa.me API check,Aesthetic Nurse,cto,greenlake@skinspirit.com,website,greenlake@skinspirit.com; skinspirit@5wpr.com
Abuelita's Kitchen,https://abuelitaskitchenseattle.com,OSM,https://wa.me/12067715700,+12067715700,wa.me link on site,,,events@abuelitaskitchenseattle.com,none,info@abuelitaskitchenseattle.com; events@abuelitaskitchenseattle.com
Paul G. Allen School of Computer Science & Engineering,https://www.cs.washington.edu,OSM,https://wa.me/0260317,0260317,site mentions WhatsApp,Allen Alumni,Partner,amberlco@cs.washington.edu,website,amberlco@cs.washington.edu; jmw456@cs.washington.edu; jsean@cs.washington.edu; kbeck@cs.washington.edu; kday23@cs.washington.edu; kristin@cs.washington.edu
Studio Evolve,https://www.studio-evolve.com,OSM,https://wa.me/063514687,063514687,wa.me API check,My Pilates,cto,hello@studio-evolve.com,website,hello@studio-evolve.com
UnCruise Adventures,https://uncruise.com,OSM,https://wa.me/1118150751146,+1118150751146,wa.me API check,Alaska Federation,President,alaska@uncruise.com,website,experience@uncruise.com; sales@uncruise.com; alaska@uncruise.com
Seattle Changing Room,https://www.seattlechangingroom.com,OSM,https://wa.me/054936319,054936319,site mentions WhatsApp,,,connect@seattlechangingroom.com,none,connect@seattlechangingroom.com
La Vita é Bella,https://www.lavitaebellarestaurant.com,OSM,https://wa.me/01320137,01320137,site mentions WhatsApp,,,evan.shuster@comcast.net,none,evan.shuster@comcast.net
Hit It Here Café,http://seattle.mariners.mlb.com/sea/ticketing/hit_it_here_cafe.jsp,OSM,https://wa.me/06594678,06594678,wa.me API check,Facility Rental,Partner,facility.rental@seattle.mariners.mlb.com,website,privacy@website.mlb.com; facility.rental@seattle.mariners.mlb.com
Blue Sky,https://blueskylocksmith.com,OSM,https://wa.me/0260613,0260613,site mentions WhatsApp,Request Service,Team Member,request.service@blueskylocksmith.com,website,contact@blueskylocksmith.com; request.service@blueskylocksmith.com
Roche Bobois,https://www.roche-bobois.com,OSM,https://wa.me/040313720703111,040313720703111,wa.me API check,Magasin Marketing,Directeur,nom@domaine.com,website,nom@domaine.com
Akin,https://akinfamily.org,OSM,https://wa.me/0393212,0393212,wa.me API check,,,compliance.team@akinfamily.org,none,compliance.team@akinfamily.org; mediacontact@akinfamily.org
Security Contractor Services,https://www.scsfence.com,OSM,https://wa.me/0200305,0200305,site mentions WhatsApp,Capitol Steel,cto,info@scsfence.com,website,info@scsfence.com; faxinfo@scsfence.com
Banfield Pet Hospital,https://www.banfield.com,OSM,https://wa.me/0260716,0260716,wa.me API check,Banfield Shop,partner,info@banfieldfoundation.org,website,info@banfieldfoundation.org; banfield.websupport@banfield.com; banfieldcares@banfield.com; cst.inbox@banfield.com; email@emailserver.com; home.delivery@banfield.com; owp@banfield.com; wellnessplanteam@banfield.com
Broadway Veterinary Hospital,https://www.broadwayvh.com,OSM,https://wa.me/08950180,08950180,wa.me API check,Pet Health,Partner,+in+46385@41.5497021,website,+in+46385@41.5497021; frontdesk@broadwayvh.com
SUSE,https://www.suse.com,OSM,https://wa.me/04578910,04578910,wa.me API check,Back Partners,Partner,contact-mena@suse.com,website,contact-mena@suse.com; contact-uki@suse.com; infolinia@suse.com; benelux@suse.com; crc@suse.com; czech-sales@suse.com; kontakt-at@suse.com; kontakt-ch@suse.com; kontakt-de@suse.com; nordics@suse.com; sale-inquiries-emea@suse.com; sales-inquiries-apac@suse.com; sales-inquiries-emea@suse.com; sales-inquiries-latam@suse.com; sales-inquiries-na@suse.com
Waxing the City,https://www.waxingthecity.com/locations/w85/us/wa/seattle-ballard,OSM,https://wa.me/0250702,0250702,site mentions WhatsApp,,,mediainquiries@sebrands.com,none,mediainquiries@sebrands.com
Unity Museum,https://unitymuseum.org,OSM,https://wa.me/0237570,0237570,wa.me API check,National Museum,partner,national.museum@unitymuseum.org,website,info@unitymuseum.org; national.museum@unitymuseum.org
Union Pilates,https://www.unionpilates.com,OSM,https://wa.me/0157686,0157686,wa.me API check,Artala Designs,Founder,info@unionpilates.com,website,info@unionpilates.com
"Glowforge, Inc.",https://glowforge.com,OSM,https://wa.me/029124282,029124282,wa.me API check,Contact Sales,owner,contact.sales@glowforge.com,website,hello@glowforge.com; jobs@glowforge.com; support-uk@glowforge.com; press@glowforge.com; sales@glowforge.com; contact.sales@glowforge.com
& Fitness,https://www.ampersandfitnessgym.com/first-hill-gym-seattle,OSM,https://wa.me/04720475,04720475,wa.me API check,Blog Inbody,Senior,info@ampersandfitnessgym.com,website,info@ampersandfitnessgym.com
MaidPro,https://www.maidpro.com/seattle-bellevue,OSM,https://wa.me/066967023,066967023,wa.me API check,Empleo Accessibility,Partner,abbotsford.bc@maidpro.com,website,abbotsford.bc@maidpro.com; abcustomerservice@maidpro.com; agourahills.ca@maidpro.com; ahancock@maidpro.com; alexandriava@maidpro.com; allen.tx@maidpro.com; andover.mn@maidpro.com; annapolisvalley@maidpro.com; anniston.al@maidpro.com; arlington.ma@maidpro.com; arlingtonheights.il@maidpro.com; arvada.co@maidpro.com; ashburn.va@maidpro.com; asheville.nc@maidpro.com; bakersfield.ca@maidpro.com; baltimore.md@maidpro.com; barrie.on@maidpro.com; barrington.il@maidpro.com; batonrouge@maidpro.com; belair.md@maidpro.com; berkley.mi@maidpro.com; birmingham.al@maidpro.com; boise.id@maidpro.com; boston@maidpro.com; braintree.ma@maidpro.com; bridgewater.ma@maidpro.com; bronx.ny@maidpro.com; brunswick.nj@maidpro.com; buckhead.ga@maidpro.com; buffalo.ny@maidpro.com; burleson.tx@maidpro.com; burloak.on@maidpro.com; camphill.pa@maidpro.com; capecod.ma@maidpro.com; capitolhill.dc@maidpro.com; carmel.in@maidpro.com; catonsville.md@maidpro.com; cedarrapids.ia@maidpro.com; centralaustin.tx@maidpro.com; centralbucks.pa@maidpro.com; centralcharlotte.nc@maidpro.com; centralct@maidpro.com; charleston.sc@maidpro.com; chattanooga.tn@maidpro.com; cherryhill.nj@maidpro.com; chestnuthill.pa@maidpro.com; chicago.dws@maidpro.com; chicagowp@maidpro.com; cincinnati.oh@maidpro.com; clarksville.tn@maidpro.com; claycounty.fl@maidpro.com; clevelandnorth.oh@maidpro.com; clevelandsouth.oh@maidpro.com; cocustomerservice@maidpro.com; collegestation.tx@maidpro.com; coloradosprings.co@maidpro.com; columbia.mo@maidpro.com; columbus.ga@maidpro.com; cookeville.tn@maidpro.com; coopercity.fl@maidpro.com; copperfield.tx@maidpro.com; cranford.nj@maidpro.com; customer_service_chisw@maidpro.com; dallas.tx@maidpro.com; danbury.ct@maidpro.com; dayton.oh@maidpro.com; denton@maidpro.com; denver.co@maidpro.com; desmoines.ia@maidpro.com; downtownla.ca@maidpro.com; drippingsprings@maidpro.com; eastatlanta.ga@maidpro.com; eastcharlotte.nc@maidpro.com; eastorlando.fl@maidpro.com; eauclaire.wi@maidpro.com; edina.mn@maidpro.com; edmonds.wa@maidpro.com; edmonton@maidpro.com; elgin.il@maidpro.com; estimates.sea@maidpro.com; evanston.il@maidpro.com; exton.pa@maidpro.com; fairfax.va@maidpro.com; fairlawn.nj@maidpro.com; florence.ky@maidpro.com; flowermound.tx@maidpro.com; folsom.ca@maidpro.com; fortlauderdale.fl@maidpro.com; fortmill.sc@maidpro.com; fortmyers.fl@maidpro.com; fortwayne.in@maidpro.com; frederick.md@maidpro.com; fredericksburg.va@maidpro.com; freehold.nj@maidpro.com; ftmitchell.ky@maidpro.com; gardencity.mi@maidpro.com; garner.nc@maidpro.com; gastonia.nc@maidpro.com; gaylord.mi@maidpro.com; goldco@maidpro.com; grapevine.tx@maidpro.com; greensboro.nc@maidpro.com; greenville.sc@maidpro.com; gurnee.il@maidpro.com; halifax.ns@maidpro.com; hampstead.nh@maidpro.com; hamptonroads@maidpro.com; haverhill.ma@maidpro.com; henderson.nv@maidpro.com; hendersonville.tn@maidpro.com; henrico.va@maidpro.com; hershey.pa@maidpro.com; hightstown.nj@maidpro.com; hillsborough.nj@maidpro.com; houston.tx@maidpro.com; houstonnorth.tx@maidpro.com; hudson.fl@maidpro.com; huntingtonbeach.ca@maidpro.com; huntsville.al@maidpro.com; indianapolis.in@maidpro.com; jacksonville.fl@maidpro.com; jeffersoncity.mo@maidpro.com; joliet.il@maidpro.com; jsollinger@maidpro.com; kcfeedback@maidpro.com; kenosha.wi@maidpro.com; kissimmee.fl@maidpro.com; lagrange.il@maidpro.com; lakeland.fl@maidpro.com; lakenorman.nc@maidpro.com; lancaster.pa@maidpro.com; langley.bc@maidpro.com; laverne.ca@maidpro.com; lawrence.ks@maidpro.com; layton.ut@maidpro.com; leaguecity.tx@maidpro.com; leduc@maidpro.com; lehi.ut@maidpro.com; lehighvalley.pa@maidpro.com; leonia.nj@maidpro.com; lincolnpark.il@maidpro.com; littleton.co@maidpro.com; lombard.il@maidpro.com; longvalley.nj@maidpro.com; loucs@maidpro.com; lowermanhattan.ny@maidpro.com; maidpronwi@maidpro.com; manhattanbeach.ca@maidpro.com; mason.oh@maidpro.com; mckinney.tx@maidpro.com; mclean.va@maidpro.com; mcmurray.pa@maidpro.com; mechanicsville.va@maidpro.com; media.pa@maidpro.com; metroatlanta@maidpro.com; metrowest.ma@maidpro.com; mgsupport@maidpro.com; miamibeach.fl@maidpro.com; midcounty.mo@maidpro.com; middletown.de@maidpro.com; middletown.nj@maidpro.com; midlothian.va@maidpro.com; monroe.ny@maidpro.com; mooresville.nc@maidpro.com; morristown.nj@maidpro.com; mtjuliet.tn@maidpro.com; mtpleasant.nc@maidpro.com; naperville.il@maidpro.com; naples.fl@maidpro.com; nashville.tn@maidpro.com; needham.ma@maidpro.com; nehouston.tx@maidpro.com; newbraunfels.tx@maidpro.com; newminas@maidpro.com; northalabama@maidpro.com; northaustin.tx@maidpro.com; northkc.mo@maidpro.com; omaha.ne@maidpro.com; orange.ca@maidpro.com; orlandowest@maidpro.com; overlandpark.ks@maidpro.com; paloalto.ca@maidpro.com; parker.co@maidpro.com; pasadena.ca@maidpro.com; pearland.tx@maidpro.com; phoenix.az@maidpro.com; plainsboro.nj@maidpro.com; plano.tx@maidpro.com; plymouthmeeting@maidpro.com; pooler.ga@maidpro.com; portcharlotte.fl@maidpro.com; portstlucie.fl@maidpro.com; providence.ri@maidpro.com; raleighnorth@maidpro.com; reno.nv@maidpro.com; riverside.ca@maidpro.com; roselle.il@maidpro.com; salem.ma@maidpro.com; salisbury.nc@maidpro.com; sanantonio.tx@maidpro.com; sanjose.ca@maidpro.com; sanmarcos.ca@maidpro.com; sarasota.fl@maidpro.com; scarsdale.ny@maidpro.com; sewell.nj@maidpro.com; sf.ca@maidpro.com; smithfield.ri@maidpro.com; somerset.nj@maidpro.com; southbend.in@maidpro.com; southcharlotte.nc@maidpro.com; southern.de@maidpro.com; southmiami.fl@maidpro.com; southoc@maidpro.com; southplainfield.nj@maidpro.com; southshore.ma@maidpro.com; spacecoast.fl@maidpro.com; spring-central.tx@maidpro.com; springfield.ma@maidpro.com; springfield.mo@maidpro.com; stcharles.mo@maidpro.com; stgeorge.ut@maidpro.com; stjohns.fl@maidpro.com; stpetersburg.fl@maidpro.com; tacoma.wa@maidpro.com; tampa.fl@maidpro.com; temecula@maidpro.com; thehamptons.ny@maidpro.com; thehamptonseast.ny@maidpro.com; theshoals.al@maidpro.com; thevillages.fl@maidpro.com; thewoodlands.tx@maidpro.com; thornhill.on@maidpro.com; topeka.ks@maidpro.com; traversecity.mi@maidpro.com; triangle.nc@maidpro.com; tucson.az@maidpro.com; tulsa_estimates@maidpro.com; tustin.ca@maidpro.com; uxbridge.ma@maidpro.com; volusia.fl@maidpro.com; wakefield.ma@maidpro.com; warnerrobins.ga@maidpro.com; waterloo.ia@maidpro.com; waterloo.on@maidpro.com; wayne.pa@maidpro.com; wentzville.mo@maidpro.com; westaustin.tx@maidpro.com; westcounty.mo@maidpro.com; westerville.oh@maidpro.com; westla.ca@maidpro.com; westminster.md@maidpro.com; westorange.nj@maidpro.com; westpalm.fl@maidpro.com; westrox.ma@maidpro.com; wichita.ks@maidpro.com; wildomar.ca@maidpro.com; wilmington.de@maidpro.com; woodbridge.va@maidpro.com; woodbury.mn@maidpro.com
Japanese Cultural & Community Center,https://jcccw.org,OSM,https://wa.me/01100111,01100111,wa.me API check,Job Openings,Director,job@jcccw.org,website,admin@jcccw.org; hosekibako@jcccw.org; jls@jcccw.org; nikkeimuseum@jcccw.org; job@jcccw.org
Urban Sushi Kitchen,http://urbansushikitchen.com,OSM,https://wa.me/0549937,0549937,wa.me API check,,,hungry@urbansushikitchen.com,none,hungry@urbansushikitchen.com
Frankie & Jo's - Capitol Hill,https://frankieandjos.com,OSM,https://wa.me/06243887578337961783,06243887578337961783,wa.me API check,Cultured Butter,Team Member,cultured.butter@frankieandjos.com,website,hello@frankieandjos.com; cultured.butter@frankieandjos.com
Orangetheory Fitness,https://www.orangetheory.com/en-us/locations/washington/seattle/1325-n-45th-street,OSM,https://wa.me/0100301,0100301,site mentions WhatsApp,,,studiomanager0577@orangetheoryfitness.com,none,studiomanager0577@orangetheoryfitness.com
Velocity Physiotherapy,https://velocityphysio.com,OSM,https://wa.me/0260706,0260706,site mentions WhatsApp,,,henry@velocityphysio.com,none,support@velocityphysio.com; henry@velocityphysio.com; zach@velocityphysio.com
BlackSky,https://blacksky.com,OSM,https://wa.me/0260527,0260527,site mentions WhatsApp,About Leadership,Partner,about.leadership@blacksky.com,website,about.leadership@blacksky.com
Vita at KEXP,https://www.caffevita.com/pages/locations#seattle,OSM,https://wa.me/0606311,0606311,wa.me API check,Caffe Fiore,owner,info@caffevita.com,website,info@caffevita.com; shop@caffevita.com
Natural Systems Design,https://naturaldes.com,OSM,https://wa.me/0150818,0150818,site mentions WhatsApp,,,info@naturaldes.com,none,info@naturaldes.com
Lotus Brazilian Jiu Jitsu,https://lotusbjjseattle.com,OSM,https://wa.me/04900491,04900491,site mentions WhatsApp,Classes Try,cto,classes@lotusbjjseattle.com,website,lotus@lotusbjjseattle.com; classes@lotusbjjseattle.com
Pima Medical Institute,https://pmi.edu/locations/washington/seattle,OSM,https://wa.me/0260504,0260504,site mentions WhatsApp,Programs Offered,Team Member,programs@pmi.edu,website,dismith@pmi.edu; payroll@pmi.edu; salopez@pmi.edu; sgallo@pmi.edu; programs@pmi.edu
Polaris Strength & Conditioning,https://polarisstrength.com,OSM,https://wa.me/0260727,0260727,site mentions WhatsApp,Business Hours,Team Member,business.hours@polarisstrength.com,website,info@polarisstrength.com; business.hours@polarisstrength.com
MyoVision,https://myovision.com,OSM,https://wa.me/0290634,0290634,site mentions WhatsApp,Ask Your,cto,ask.your@myovision.com,website,info@myovision.com; support@myovision.com; operation@djmhk.com; ask.your@myovision.com
Blosm Studio,https://www.blosmstudio.com,OSM,https://wa.me/01320137,01320137,site mentions WhatsApp,,,roger@blosmstudio.com,none,roger@blosmstudio.com
Fuzzy Wuzzy Rug Cleaning,https://www.fuzzywuzzyrug.com/locations/lake-city,OSM,https://wa.me/0260630,0260630,site mentions WhatsApp,District Pearl,cto,info@fuzzywuzzyrug.com,website,info@fuzzywuzzyrug.com
Luna Kitchen and Bath,https://lunakitchenandbath.com,OSM,https://wa.me/0200525,0200525,site mentions WhatsApp,,,info@lunakitchenandbath.com,none,info@lunakitchenandbath.com
& Fitness,https://www.ampersandfitnessgym.com/green-lake-gym-seattle,OSM,https://wa.me/049180327,049180327,wa.me API check,Blog Inbody,Senior,info@ampersandfitnessgym.com,website,info@ampersandfitnessgym.com
Orangetheory Fitness,https://www.orangetheory.com/en-us/locations/washington/mercer-island/2601-76th-ave-se,OSM,https://wa.me/0100301,0100301,site mentions WhatsApp,,,studiomanager0588@orangetheoryfitness.com,none,studiomanager0588@orangetheoryfitness.com
Sama Fitness,https://samafit.com,OSM,https://wa.me/04900491,04900491,site mentions WhatsApp,,,info@samafit.com,none,info@samafit.com
Raven Studios,https://www.ravenstudiosseattle.com,OSM,https://wa.me/01320137,01320137,site mentions WhatsApp,First Aid,cto,info@ravenstudiosseattle.com,website,info@ravenstudiosseattle.com
PIMA Medical Institute,https://pmi.edu,OSM,https://wa.me/0260725,0260725,site mentions WhatsApp,Homefront Health,CEO,homefront@pmi.edu,website,dismith@pmi.edu; payroll@pmi.edu; salopez@pmi.edu; sgallo@pmi.edu; homefront@pmi.edu
City EyeWorks,https://www.cityeyeworks.com,OSM,https://wa.me/064329051,064329051,site mentions WhatsApp,Ordering Meet,cto,appointment@cityeyeworks.com,website,appointment@cityeyeworks.com; optician@cityeyeworks.com
Fremont Health Club,https://fremonthc.com,OSM,https://wa.me/0664262,0664262,site mentions WhatsApp,Gallery See,owner,gallery.see@fremonthc.com,website,info@fremonthc.com; gallery.see@fremonthc.com
Bhakti Studio,https://bhaktistudio.org,OSM,https://wa.me/0250701,0250701,site mentions WhatsApp,,,hello@mantrahouse.co,none,hello@mantrahouse.co; hello@mantrahouse.cophone
eenzy,https://eenzy.com,OSM,https://wa.me/0260404,0260404,site mentions WhatsApp,Expert Technicians,owner,expert.technicians@eenzy.com,website,info@eenzy.com; expert.technicians@eenzy.com
The University Business Center,https://www.theuniversitybusinesscenter.com,OSM,https://wa.me/09454949944384,09454949944384,wa.me API check,Alejandro Caraza,Owner,info@theuniversitybusinesscenter.com,website,info@theuniversitybusinesscenter.com
Uplift Fitness,https://upliftfitnesswa.com,OSM,https://wa.me/0190101,0190101,site mentions WhatsApp,,,info@upliftfitnesswa.com,none,info@upliftfitnesswa.com
Maple Leaf Hardware,https://mapleleaface.com,OSM,https://wa.me/0241226,0241226,site mentions WhatsApp,,,goodhelp@mapleleaface.com,none,goodhelp@mapleleaface.com; marketing@mapleleaface.com
Olympic Athletic Club,https://www.olympicathleticclub.com,OSM,https://wa.me/0260706,0260706,site mentions WhatsApp,Hot Tubs,Team Member,requests@olympicathleticclub.com,website,requests@olympicathleticclub.com
Olympic Athletic Club Women’s Gym,https://www.olympicathleticclub.com/womensgym,OSM,https://wa.me/02419890,02419890,site mentions WhatsApp,,,requests@olympicathleticclub.com,none,requests@olympicathleticclub.com
Emerald City Emergency Clinic,https://emeraldcity24hrvet.com,OSM,https://wa.me/0260608,0260608,site mentions WhatsApp,Care Watch,cto,care.watch@emeraldcity24hrvet.com,website,info@emeraldcity24hrvet.com; care.watch@emeraldcity24hrvet.com
Sunset Hill Community Clubhouse,https://sunsethillcommunity.org,OSM,https://wa.me/0260330,0260330,site mentions WhatsApp,Latest News,Team Member,latest.news@sunsethillcommunity.org,website,latest.news@sunsethillcommunity.org
Industrious,https://workhardlivefit.com/south-lake-union,OSM,https://wa.me/0260615,0260615,site mentions WhatsApp,,,info@workhardlivefit.com,none,info@workhardlivefit.com
University Unitarian Church,https://www.uuchurch.org,OSM,https://wa.me/0548088,0548088,site mentions WhatsApp,Common Ground,partner,office@uuchurch.org,website,office@uuchurch.org; cynthia.setel@uuchurch.org
Labateyah Youth Home,https://www.unitedindians.org,OSM,https://wa.me/0260729,0260729,site mentions WhatsApp,Services Family,Director,info@unitedindians.org,website,info@unitedindians.org; accounting@unitedindians.org; daybreakstarpreschool@unitedindians.org; events@unitedindians.org; kcahb@unitedindians.org; volunteers@unitedindians.org
Teen Feed,http://www.teenfeed.org,OSM,https://wa.me/0260516,0260516,site mentions WhatsApp,Teen Feed,partner,info@teenfeed.org,website,info@teenfeed.org; 522-4366info@teenfeed.org
Ethiopian Community in Seattle,https://www.ecseattle.org,OSM,https://wa.me/0270148,0270148,site mentions WhatsApp,Small Business,Director,info@ecseattle.org,website,info@ecseattle.org
Bethaday Community Learning Space,https://bethaday.techaccess.org,OSM,https://wa.me/010001000,010001000,site mentions WhatsApp,,,bclsrentals@techaccess.org,none,bclsrentals@techaccess.org
The Lighting Group,https://lightinggroup.com,OSM,https://wa.me/0260727,0260727,site mentions WhatsApp,,,quickquotes@lightinggroup.com,none,quickquotes@lightinggroup.com
Mission to Seafarers,https://www.mts-seattle.org,OSM,https://wa.me/12064553624,+12064553624,wa.me link on site,Rich Shively,Director,office@mts-seattle.org,website,office@mts-seattle.org; deaconjoey@mts-seattle.org; julia@mts-seattle.org; rich@mts-seattle.org
Ridgewood Bottle & Tap,https://www.ridgewoodbottleandtap.com,OSM,https://wa.me/06125709611,06125709611,wa.me API check,,,hi@mystore.com,none,hi@mystore.com
Mighty-O Donuts,https://www.mightyo.com,OSM,https://wa.me/0230625,0230625,site mentions WhatsApp,,,hello@mightyo.com,none,hello@mightyo.com; info@website.com
Print Fusion,https://print-fusion.com,OSM,https://wa.me/0260729,0260729,site mentions WhatsApp,Trusted Local,Partner,trusted.local@print-fusion.com,website,info@print-fusion.com; murtaza@pfcopy.com; trusted.local@print-fusion.com
Herkimer Coffee - Phinney Ridge,https://herkimercoffee.com,OSM,https://wa.me/0436698916776057164,0436698916776057164,wa.me API check,Single Origins,Team Member,single.origins@herkimercoffee.com,website,info@herkimercoffee.com; single.origins@herkimercoffee.com
Time Bistro,https://timebistro.us,OSM,https://wa.me/0397584,0397584,site mentions WhatsApp,,,info@timebistro.us,none,info@timebistro.us
Bobalust,http://bobalustteahouse.com,OSM,https://wa.me/04016269,04016269,site mentions WhatsApp,,,jobs@bobalust.com,none,jobs@bobalust.com
Salon Metro,https://www.salonmetroseattle.com,OSM,https://wa.me/0201208,0201208,site mentions WhatsApp,Amy De,owner,cindyfrank@salonmetroseattle.com,website,cindyfrank@salonmetroseattle.com
Stampede Cocktail Club,https://www.stampedecocktailclub.com,OSM,https://wa.me/01320137,01320137,site mentions WhatsApp,Private Events,manager,manager@stampedecocktailclub.com,website,manager@stampedecocktailclub.com
Tin Lizzie Lounge,https://thetinlizzielounge.com,OSM,https://wa.me/0250829,0250829,site mentions WhatsApp,,,guestservices@marqueen.com,none,info@marqueen.com; guestservices@marqueen.com
Wet Clay Cafe,https://www.wetclaycafe.com,OSM,https://wa.me/067982585,067982585,site mentions WhatsApp,,,info@wetclaycafe.com,none,info@wetclaycafe.com
Malena's Taco Shop,https://foodeist.com/place/malenastacoshop,OSM,https://wa.me/026021346,026021346,site mentions WhatsApp,Foodeist Premium,Owner,foodeist.premium@foodeist.com,website,contact@foodeist.com; foodeist.premium@foodeist.com
El Chupacabra,https://elchupacabraseattle.com,OSM,https://wa.me/0241031,0241031,site mentions WhatsApp,Mexican Food,MANAGER,mexican.food@elchupacabraseattle.com,website,john@doe.com; mexican.food@elchupacabraseattle.com
Grappa,https://www.grappaseattle.com,OSM,https://wa.me/0260605,0260605,site mentions WhatsApp,Grappa Grappa,Partner,info@grappaseattle.com,website,info@grappaseattle.com
Magpie Thrift,https://www.magpiethriftseattle.com,OSM,https://wa.me/07692307692307,07692307692307,site mentions WhatsApp,Everly Seattle,partner,info@magpiethriftseattle.com,website,info@magpiethriftseattle.com
Lilt Salon,https://www.liltsalon.com,OSM,https://wa.me/0241010,0241010,site mentions WhatsApp,,,info@liltsalon.com,none,info@liltsalon.com
New Look Beauty Salon,https://www.digitalpermseattle.com,OSM,https://wa.me/01520153,01520153,site mentions WhatsApp,,,emily@digitalpermseattle.com,none,emily@digitalpermseattle.com
Twice Sold Tales,https://www.twicesoldtalesballard.com,OSM,https://wa.me/01000130,01000130,site mentions WhatsApp,Beath Watkins,partner,info@twicesoldtalesballard.com,website,info@twicesoldtalesballard.com
Woodland Mod,https://woodlandmod.com,OSM,https://wa.me/1107161683789164,+1107161683789164,site mentions WhatsApp,Design Plant,cto,design.plant@woodlandmod.com,website,info@woodlandmod.com; design.plant@woodlandmod.com
Moshi Moshi Sushi & Izakaya,https://moshimoshiseattle.com,OSM,https://wa.me/01021000,01021000,site mentions WhatsApp,General Questions,Team Member,general.questions@moshimoshiseattle.com,website,hello@moshimoshiseattle.com; general.questions@moshimoshiseattle.com
Ballard Mailbox & Shipping Center,https://ballardmailbox.com,OSM,https://wa.me/04900491,04900491,site mentions WhatsApp,,,info@ballardmailbox.com,none,info@ballardmailbox.com
Cripple Creek Backcountry,https://cripplecreekbc.com/pages/seattle,OSM,https://wa.me/0144960,0144960,site mentions WhatsApp,,,doug@cripplecreekbc.com,none,info@basaltbikeandski.com; info@cripplecreekbc.com; doug@cripplecreekbc.com; ecom-swiper@11.css; email@ccbc.com; u003einfo@basaltbikeandski.com; u003einfo@cripplecreekbc.com; u003eseattle@cripplecreekbc.com
The Sweet Spot,https://www.sweetspotseattle.com,OSM,https://wa.me/0342140,0342140,site mentions WhatsApp,,,info@thesweetspa.com,none,info@thesweetspa.com
Cinnaholic,https://locations.cinnaholic.com/ll/us/wa/seattle/31,OSM,https://wa.me/0141119,0141119,site mentions WhatsApp,Alabama Arizona,Director,alabama.arizona@locations.cinnaholic.com,website,contact@cinnaholic.com; alabama.arizona@locations.cinnaholic.com
Eastlake Tattoo,https://www.eastlaketattoo.com,OSM,https://wa.me/019102027,019102027,site mentions WhatsApp,,,michael@eastlaketattoo.com,none,michael@eastlaketattoo.com
Fuel,https://www.fuelcoffeeseattle.com,OSM,https://wa.me/0814211,0814211,wa.me API check,,,info@fuelcoffeeseattle.com,none,info@fuelcoffeeseattle.com
Pike & Western Wine Shop,https://www.pikeandwestern.com,OSM,https://wa.me/0542418,0542418,wa.me API check,At Pike,owner,wineshop@pikeandwestern.com,website,wineshop@pikeandwestern.com
Kobo Shop & Gallery,https://koboseattle.com,OSM,https://wa.me/099388600,099388600,wa.me API check,About The,cto,about.the@koboseattle.com,website,hello@koboseattle.com; about.the@koboseattle.com
Piroshky Piroshky,https://www.piroshkybakery.com,OSM,https://wa.me/0231129,0231129,wa.me API check,,,alicia@piroshkybakery.com,none,info@piroshkybakery.com; alicia@piroshkybakery.com; conventioncenter@piroshkybakery.com; cs@piroshkybakery.com; csq@piroshkybakery.com; ctower@piroshkybakery.com; district@piroshkybakery.com; fulfillment@piroshkybakery.com; jdtoves@piroshkybakery.com; kent@piroshkybakery.com; lb@piroshkybakery.com; pike@piroshkybakery.com; pikefohmgr@piroshkybakery.com
Blue Water Design Build,https://bluewaterdesignbuild.com,OSM,https://wa.me/0250624,0250624,site mentions WhatsApp,Approach Our,owner,approach.our@bluewaterdesignbuild.com,website,info@bluewaterdesignbuild.com; approach.our@bluewaterdesignbuild.com
And Blonde,http://www.andblonde.com,OSM,https://wa.me/02597222287,02597222287,wa.me API check,,,hello@andblonde.com,none,hello@andblonde.com
Sonic Boom Records,https://www.sonicboomrecords.com,OSM,https://wa.me/0815197991,0815197991,wa.me API check,,,info@sonicboomrecords.com,none,info@sonicboomrecords.com
Lil Woody's,https://lilwoodys.com,OSM,https://wa.me/0549284,0549284,wa.me API check,Collabs Community,Partner,collabs.community@lilwoodys.com,website,info@lilwoodys.com; collabs.community@lilwoodys.com
Chadwick & Winters,https://chadwickwinters.com,OSM,https://wa.me/06987125,06987125,site mentions WhatsApp,,,info@chadwickwinters.com,none,info@chadwickwinters.com
Skål Beer Hall,https://www.skalballard.com,OSM,https://wa.me/0377732,0377732,wa.me API check,Viking Feast,partner,info@skalballard.com,website,info@skalballard.com; feasts@skalballard.com
Zebraclub Stores,https://shop.zebraclub.com,OSM,https://wa.me/1102076670243,+1102076670243,wa.me API check,,,customer.service@zebraclub.com,none,customer.service@zebraclub.com
Prost!,https://www.prosttavern.net,OSM,https://wa.me/0852299886,0852299886,wa.me API check,,,info@prosttavern.net,none,info@prosttavern.net
Every Nation Church,https://everynationseattle.org,OSM,https://wa.me/0666540,0666540,wa.me API check,,,info@everynationseattle.org,none,info@everynationseattle.org
Cooperative Children’s Center,http://coopchild.org,OSM,https://wa.me/01520153,01520153,site mentions WhatsApp,,,info@coopchild.org,none,info@coopchild.org; executive_director@coopchild.org; tech@coopchild.org
Danaca Design Studio,https://www.promountainsports.com,OSM,https://wa.me/0112022,0112022,site mentions WhatsApp,Media Press,Partner,hello@promountainsports.com,website,hello@promountainsports.com
Miss Cafe,https://www.misscaffe.com,OSM,https://wa.me/0156337242,0156337242,wa.me API check,Beyti Kebab,Team Member,info@stagheaddesigns.com,website,info@stagheaddesigns.com; miss@misscaffe.com
Seattle Caviar,https://caviar.com,OSM,https://wa.me/0241115195241,0241115195241,wa.me API check,,,info@caviar.com,none,info@caviar.com
Bella Bridesmaids,https://bellabridesmaids.com,OSM,https://wa.me/03210214,03210214,site mentions WhatsApp,,,atlanta@bellabridesmaids.com,none,atlanta@bellabridesmaids.com; batonrouge@bellabridesmaids.com; birmingham@bellabridesmaids.com; boston@bellabridesmaids.com; charleston@bellabridesmaids.com; charlotte@bellabridesmaids.com; chicago@bellabridesmaids.com; cleveland@bellabridesmaids.com; columbia@bellabridesmaids.com; dallas@bellabridesmaids.com; dc@bellabridesmaids.com; grandrapids@bellabridesmaids.com; greenville@bellabridesmaids.com; houston@bellabridesmaids.com; indy@bellabridesmaids.com; kansascity@bellabridesmaids.com; knoxville@bellabridesmaids.com; lafayette@bellabridesmaids.com; longisland@bellabridesmaids.com; madison@bellabridesmaids.com; marlboro@bellabridesmaids.com; miami@bellabridesmaids.com; mobile@bellabridesmaids.com; nashville@bellabridesmaids.com; nola@bellabridesmaids.com; nyc@bellabridesmaids.com; okc@bellabridesmaids.com; philadelphia@bellabridesmaids.com; raleigh@bellabridesmaids.com; sanfrancisco@bellabridesmaids.com; shop@bellabridesmaid.com; shop@bellabridesmaids.com; stlouis@bellabridesmaids.com; tampa@bellabridesmaids.com; westhartford@bellabridesmaids.com; westport@bellabridesmaids.com
Just The Tap,https://jttsea.com,OSM,https://wa.me/01000100,01000100,site mentions WhatsApp,,,info@jttsea.com,none,info@jttsea.com
Dzul Ink Lounge,https://www.dzul.com,OSM,https://wa.me/05427128230581,05427128230581,site mentions WhatsApp,,,info@dzul.com,none,info@dzul.com
Lino Tagliapietra Inc,https://linotagliapietra.com,OSM,https://wa.me/03070308,03070308,site mentions WhatsApp,,,info@linotagliapietra.com,none,info@linotagliapietra.com
Lil Woody's,https://www.lilwoodys.com,OSM,https://wa.me/8135805267373208,+8135805267373208,wa.me API check,Collabs Community,Partner,info@lilwoodys.com,website,info@lilwoodys.com
Avast! Recording Company,https://www.avastrecording.com,OSM,https://wa.me/0250618,0250618,site mentions WhatsApp,,,avast@comcast.net,none,avast@comcast.net; robb@studionels.com
Uma Clinic,https://umaclinic.com,OSM,https://wa.me/0260310,0260310,site mentions WhatsApp,,,info@umaclinic.com,none,info@umaclinic.com
Dollhouse,https://dollhouseseattle.com,OSM,https://wa.me/01320137,01320137,site mentions WhatsApp,,,info@dollhouseseattle.com,none,info@dollhouseseattle.com
Lucky 7 Barber-Salon,https://www.lucky7barbersalon.com,OSM,https://wa.me/065474595,065474595,wa.me API check,,,filler@godaddy.com,none,filler@godaddy.com
MTN Gear,https://mtngear.com,OSM,https://wa.me/0303002,0303002,wa.me API check,Regarding Orders,Partner,regarding.orders@mtngear.com,website,support@mtngear.com; regarding.orders@mtngear.com
Rock of Ages Church,https://www.therocklbc.org,OSM,https://wa.me/0273528,0273528,wa.me API check,,,c_9h7125na1inflliunujbfkn33s@group.calendar.google.com,none,office@therocklbc.org; c_9h7125na1inflliunujbfkn33s@group.calendar.google.com
SoDo Poké,https://www.sodopoke.com,OSM,https://wa.me/0420488,0420488,site mentions WhatsApp,,,hello@sodopoke.com,none,hello@sodopoke.com
Weee!,https://www.sayweee.com,OSM,https://wa.me/044325719,044325719,site mentions WhatsApp,Contact Us,Partner,support@sayweee.com,website,support@sayweee.com; ads@sayweee.com; marketplace@sayweee.com; suppliers@sayweee.com; u003estudents@sayweee.com; u003esupport@sayweee.com
Pius Kitchen & Bath Warehouse,https://www.piuskb.com,OSM,https://wa.me/02174924,02174924,site mentions WhatsApp,,,hello@piuskb.com,none,hello@piuskb.com
Dead Line,https://www.deadlineseattle.com,OSM,https://wa.me/065188029,065188029,site mentions WhatsApp,,,info@deadlineseattle.com,none,info@deadlineseattle.com
DIGS,https://www.digsshowroom.com,OSM,https://wa.me/06130171448908,06130171448908,wa.me API check,,,hello@digsshowroom.com,none,hello@digsshowroom.com
Cowgirls Inc,https://www.cowgirlsinc.com,OSM,https://wa.me/09819535,09819535,site mentions WhatsApp,,,info@cowgirlsinc.com,none,info@cowgirlsinc.com
Super Kim,https://www.superkim.net,OSM,https://wa.me/0260526,0260526,site mentions WhatsApp,,,patta@thejaosgroup.com,none,patta@thejaosgroup.com
Loving Hut,https://lovinghut.us/seattle,OSM,https://wa.me/062992219,062992219,site mentions WhatsApp,,,seattle@lovinghut.us,none,seattle@lovinghut.us
Reckless Noodle House,https://www.recklessnoodles.com,OSM,https://wa.me/0785283631210,0785283631210,site mentions WhatsApp,Join Waitlist,head of,info@recklessnoodles.com,website,info@recklessnoodles.com
Cakes of Paradise,https://cakesofparadise206.com,OSM,https://wa.me/01020103,01020103,site mentions WhatsApp,,,aloha@cakesofparadise206.com,none,aloha@cakesofparadise206.com
Spruce Apothecary,https://SpruceApothecary.co,OSM,https://wa.me/04623417541739052901,04623417541739052901,site mentions WhatsApp,Founders Spruce,Founder,founders.spruce@SpruceApothecary.co,website,hello@spruceapothecary.co; founders.spruce@SpruceApothecary.co
Beecher's Handmade Cheese,https://www.beechershandmadecheese.com/cafe/pike-place-market,OSM,https://wa.me/0260105,0260105,site mentions WhatsApp,,,customerlove@beecherscheese.com,none,customerlove@beecherscheese.com; donations@sugarmtn.net; press@sugarmtn.net; wholesale@beecherscheese.com
Traveling Goat,https://www.travelinggoatseattle.com,OSM,https://wa.me/01020103,01020103,site mentions WhatsApp,,,info@travelinggoatseattle.com,none,info@travelinggoatseattle.com
Rafael Carrabba Violins,https://carrabbaviolins.com,OSM,https://wa.me/0568021,0568021,site mentions WhatsApp,,,debbie@dlemmibows.com,none,debbie@dlemmibows.com
Un Bien,https://www.unbienseattle.com,OSM,https://wa.me/01020103,01020103,site mentions WhatsApp,,,info@unbienseattle.com,none,info@unbienseattle.com
Noi Thai Cuisine,https://www.noithaicuisine.com,OSM,https://wa.me/02174924,02174924,site mentions WhatsApp,Bai Tong,Founder,marketing@noithaicuisine.com,website,marketing@noithaicuisine.com
The Velvet Elk,https://www.velvet-elk.com,OSM,https://wa.me/0957316,0957316,site mentions WhatsApp,,,info@velvet-elk.com,none,info@velvet-elk.com
Flintcreek Cattle Co.,https://flintcreekcattleco.com,OSM,https://wa.me/0251201,0251201,site mentions WhatsApp,Private Dining,Team Member,private.dining@flintcreekcattleco.com,website,eat@flintcreekseattle.com; private.dining@flintcreekcattleco.com
Phinney Veterinary,https://phinneyveterinary.com,OSM,https://wa.me/0100101,0100101,site mentions WhatsApp,Phinney Ridge,owner,phinney.ridge@phinneyveterinary.com,website,hello@phinneyveterinary.com; info@caravetclinics.wpenginepowered.com; info@whiskerframe0.wpengine.com; phinney.ridge@phinneyveterinary.com
Dreamclinic,https://dreamclinic.com,OSM,https://wa.me/0211004,0211004,site mentions WhatsApp,Dreamclinic Founder,CEO,dreamclinic.founder@dreamclinic.com,website,service@dreamclinic.com; dreamclinic.founder@dreamclinic.com
Seattle Chinese Times,http://www.seattlechinesetimes.com,OSM,https://wa.me/0957352,0957352,site mentions WhatsApp,Local News,cto,info@seattlechinesetimes.com,website,info@seattlechinesetimes.com; lisa@seattlechinesetimes.com
Kizuki Ramen & Izakaya - Northgate,https://www.kizuki.com,OSM,https://wa.me/0260721,0260721,site mentions WhatsApp,,,contactus@kizuki.com,none,contactus@kizuki.com; carmel@kizuki.com
El Patio,https://elpatiowa.com,OSM,https://wa.me/0240712,0240712,site mentions WhatsApp,Best Flavor,Team Member,best@elpatiowa.com,website,info@elpatiowa.com; emailinfo@elpatiowa.com; best@elpatiowa.com
Jenni Kayne,https://jennikayne.com,OSM,https://wa.me/0260731,0260731,site mentions WhatsApp,,,homeservices@jennikayne.com,none,homeservices@jennikayne.com; service@jennikayne.com
Razer,https://www.razer.com/razerstores/seattle,OSM,https://wa.me/12064024298,+12064024298,wa.me link on site,Affiliates Education,Partner,razerstore.atx@razer.com,website,razerstore.atx@razer.com; razerstore.funan@razer.com; razerstore.hk@razer.com; razerstore.kop@razer.com; razerstore.la@razer.com; razerstore.london@razer.com; razerstore.lv@razer.com; razerstore.miami@razer.com; razerstore.ny@razer.com; razerstore.orlando@razer.com; razerstore.pnj@razer.com; razerstore.sd@razer.com; razerstore.sea@razer.com; razerstore.seattle@razer.com; razerstore.sf@razer.com; razerstore.sg@razer.com; razerstore.sj@razer.com; razerstore.taipei@razer.com; test_razerstore@razer.com; us.e.dl.razerslover@us.dsv.com
Blue Sky Cleaners,https://blueskycleaners.com,OSM,https://wa.me/0909409,0909409,site mentions WhatsApp,Area Map,PARTNER,area.map@blueskycleaners.com,website,contact@helenascleaners.com; area.map@blueskycleaners.com
Quartz and Bone,https://quartzandbone.com,OSM,https://wa.me/0770314,0770314,site mentions WhatsApp,Beth Brunner,owner,beth.brunner@quartzandbone.com,website,info@quartzandbone.com; beth.brunner@quartzandbone.com
Blue Sky Bridal,https://blueskybridal.com,OSM,https://wa.me/0250418,0250418,site mentions WhatsApp,Blue Sky,Owner,blue@blueskybridal.com,website,info@blueskybridal.com; consign@blueskybridal.com; erin@blueskybridal.com; portland@blueskybridal.com; seattle@blueskybridal.com; sf@blueskybridal.com; ship@blueskybridal.com; blue@blueskybridal.com
Avanti Sports,https://avantisports.com,OSM,https://wa.me/0231001,0231001,site mentions WhatsApp,,,roger@avantisports.com,none,info@avantisports.com; roger@avantisports.com
College Inn,https://www.collegeinnseattle.com,OSM,https://wa.me/01320137,01320137,site mentions WhatsApp,,,stay@collegeinnseattle.com,none,stay@collegeinnseattle.com
Gadget Rehab,https://gadgetrehab.repair,OSM,https://wa.me/0260722,0260722,site mentions WhatsApp,With Us,Partner,with.us@gadgetrehab.repair,website,repairs@gadgetrehab.com; with.us@gadgetrehab.repair
Macrina Bakery & Cafe,https://macrinabakery.com,OSM,https://wa.me/0208901258633512,0208901258633512,wa.me API check,Leslie Mackie,founder,leslie@macrinabakery.com,website,contactus@macrinabakery.com; leslie@macrinabakery.com
Mediums,https://mediumscollective.com,OSM,https://wa.me/02653640,02653640,wa.me API check,,,connect@mediumscollective.com,none,connect@mediumscollective.com
The Center School,https://centerhs.seattleschools.org,OSM,https://wa.me/058931917,058931917,wa.me API check,Broadview-Thomson Cascade,Partner,broadview-thomson.cascade@centerhs.seattleschools.org,website,centerhs.attendance@seattleschools.org; broadview-thomson.cascade@centerhs.seattleschools.org
Phinney Ridge Cabinet Company,https://www.prcabinets.com,OSM,https://wa.me/0240126,0240126,site mentions WhatsApp,Emily Weiss,owner,info@prcabinets.com,website,info@prcabinets.com
Black Arrows Coffee,https://www.blackarrowscoffee.com,OSM,https://wa.me/03911585,03911585,wa.me API check,,,contact@blackarrowscoffee.com,none,contact@blackarrowscoffee.com
Aide-Mémoire,https://a-m.shop,OSM,https://wa.me/01007335,01007335,wa.me API check,,,aran@a-m.shop,none,info@a-m.shop; aran@a-m.shop
Helena’s Cleaners,https://www.helenascleaners.com,OSM,https://wa.me/0909409,0909409,site mentions WhatsApp,Area Map,PARTNER,contact@helenascleaners.com,website,contact@helenascleaners.com
Maple Leaf Property Management,https://www.mapleleafmgt.com,OSM,https://wa.me/0202987,0202987,wa.me API check,At Maple,owner,contactus@mapleleafmgt.com,website,contactus@mapleleafmgt.com
UW Bike Locker Location 30,https://www.washington.edu/facilities/transportation/commuterservices/bike/parking,OSM,https://wa.me/0211040,0211040,wa.me API check,,,ucommute@uw.edu,none,ucommute@uw.edu
Blue Ribbon Cooking,https://www.blueribboncooking.com,OSM,https://wa.me/069178851,069178851,wa.me API check,,,info@blueribboncooking.com,none,info@blueribboncooking.com
Avis,https://www.avis.com/en/locations/us/wa/seattle/se2,OSM,https://wa.me/0297146,0297146,wa.me API check,Rental Drive,partner,custserv@avis.com,website,custserv@avis.com
Ahadu Ethiopian Restaurant,https://www.ahadu-ethiopian-restaurant.net,OSM,https://wa.me/07033617,07033617,site mentions WhatsApp,Eater Seattle,owner,support@webador.com,website,support@webador.com
HomeSmart Real Estate Associates,https://homesmart.com,OSM,https://wa.me/0260203,0260203,site mentions WhatsApp,,,ui@4.0,none,ui@4.0
Salon Q.E.,https://www.salonqe.com,OSM,https://wa.me/04900491,04900491,site mentions WhatsApp,,,salonqe@salonqe.com,none,salonqe@salonqe.com
Lummi Island Wild,https://lummiislandwild.com,OSM,https://wa.me/06305400995208783317,06305400995208783317,wa.me API check,Pacific Northwest,partner,pacific.northwest@lummiislandwild.com,website,support@lummiislandwild.com; pacific.northwest@lummiislandwild.com
Foot & Ankle Center of Washington,https://www.footankle.com,OSM,https://wa.me/0860966984784,0860966984784,site mentions WhatsApp,Ankle Center,cto,webmaster@footankle.com,website,webmaster@footankle.com
Shots and Sprockets,https://shotsandsprockets.com,OSM,https://wa.me/07242994,07242994,site mentions WhatsApp,,,shop@shotsandsprockets.com,none,shop@shotsandsprockets.com
Paper Source,https://papersource.com,OSM,https://wa.me/0610091819318,0610091819318,wa.me API check,,,customerservice@papersource.com,none,customerservice@papersource.com
McCarthy & Schiering,https://mccarthyandschiering.com,OSM,https://wa.me/0260731,0260731,site mentions WhatsApp,,,ravenna@mccarthyandschiering.com,none,ravenna@mccarthyandschiering.com
Bell’s Cookie Co.,https://www.bellscookieco.com,OSM,https://wa.me/05464516386231604351,05464516386231604351,site mentions WhatsApp,Our Pre,Founder,hello@bellscookieco.com,website,hello@bellscookieco.com; hello@bellscookies.com
Flair Taco,https://flairtaco.com,OSM,https://wa.me/0260617,0260617,site mentions WhatsApp,Items No,cto,items.no@flairtaco.com,website,web@narvaezcarlos.com; items.no@flairtaco.com
Windthrow,https://windthrow.store,OSM,https://wa.me/08524024954599,08524024954599,site mentions WhatsApp,,,your@email.address,none,your@email.address
Seattle Kids Dentistry,http://www.seattlekidsdentistry.com,OSM,https://wa.me/01520153,01520153,site mentions WhatsApp,Dentistry Meet,partner,info@seattlekidsdentistry.com,website,info@seattlekidsdentistry.com
Hey Day,https://www.heydayseattle.com,OSM,https://wa.me/098427398,098427398,site mentions WhatsApp,,,heythere@heydayseattle.com,none,heythere@heydayseattle.com
Midtown Espresso,https://foodeist.com/place/midtownespresso,OSM,https://wa.me/026021875,026021875,site mentions WhatsApp,Foodeist Premium,Owner,foodeist.premium@foodeist.com,website,contact@foodeist.com; foodeist.premium@foodeist.com
Mighty-O Donuts,https://mightyo.com,OSM,https://wa.me/0230625,0230625,site mentions WhatsApp,,,hello@mightyo.com,none,hello@mightyo.com; info@website.com
The Hidden Alchemist,https://www.thehiddenalchemist.com,OSM,https://wa.me/0697780185,0697780185,site mentions WhatsApp,,,info@alchimistanascosta.com,none,info@alchimistanascosta.com
West of Chicago Pizza Company,https://westofchicagopizzacompany.com,OSM,https://wa.me/0260505,0260505,site mentions WhatsApp,Send Us,Team Member,send@westofchicagopizzacompany.com,website,management@westofchicagopizzacompany.com; send@westofchicagopizzacompany.com
Flatstick Pub,https://flatstickpub.com/south-lake-union,OSM,https://wa.me/0140501,0140501,site mentions WhatsApp,,,info@flatstickpub.com,none,info@flatstickpub.com
Flatstick Pub - Pioneer Square,https://flatstickpub.com/pioneer-square,OSM,https://wa.me/0250216,0250216,site mentions WhatsApp,,,info@flatstickpub.com,none,info@flatstickpub.com
Jimmy's on Broadway,https://jimmysonbroadway.com,OSM,https://wa.me/0260723,0260723,site mentions WhatsApp,,,contact@copperandsaltnw.com,none,contact@copperandsaltnw.com
Overcast Coffee Company,https://www.overcastcoffee.co,OSM,https://wa.me/02174924,02174924,site mentions WhatsApp,,,info@overcastcoffee.co,none,info@overcastcoffee.co
Wallingford Farmers Market,https://www.sfmamarkets.com/visit-wallingford-farmers-market,OSM,https://wa.me/01680169,01680169,wa.me API check,Fresh Bucks,Senior,manager@sfmamarkets.com,website,manager@sfmamarkets.com
Ages in Stages Childcare,https://agesinstageschildcare.com/infant-center-location,OSM,https://wa.me/0260522,0260522,site mentions WhatsApp,,,info@agesinstageschildcare.com,none,info@agesinstageschildcare.com
PATH,https://www.path.org,OSM,https://wa.me/0260522,0260522,site mentions WhatsApp,Center Careers,Partner,info@path.org,website,info@path.org; vietnam@path.org
Isadora's Antique Jewlery,https://isadoras.com,OSM,https://wa.me/0278512,0278512,wa.me API check,Antique Jewelry,cto,antique.jewelry@isadoras.com,website,info@isadoras.com; antique.jewelry@isadoras.com
Anchorhead Coffee Co,https://anchorheadcoffee.com,OSM,https://wa.me/0179720,0179720,wa.me API check,Tracon Coffee,partner,tracon.coffee@anchorheadcoffee.com,website,hello@anchorheadcoffee.com; tracon.coffee@anchorheadcoffee.com
Caffé D'Arte,https://www.caffedarte.com,OSM,https://wa.me/0906085,0906085,site mentions WhatsApp,Blending Coffees,founder,info@caffedarte.com,website,info@caffedarte.com
Aspire Kinetic Arts,https://www.aspirekineticarts.com,OSM,https://wa.me/054936319,054936319,site mentions WhatsApp,,,info@aspirekineticarts.com,none,info@aspirekineticarts.com
The Bureau of Fearless Ideas,https://www.fearlessideas.org,OSM,https://wa.me/05538901,05538901,site mentions WhatsApp,After School,Partner,info@fearlessideas.org,website,info@fearlessideas.org
Jill Bucy Skincare,https://www.jillbucy.com,OSM,https://wa.me/04649241436253232117,04649241436253232117,site mentions WhatsApp,Jill Bucy,owner,info@jillbucy.com,website,info@jillbucy.com
Shug's Soda Fountain & Ice Cream,https://www.shugssodafountain.com,OSM,https://wa.me/04900491,04900491,site mentions WhatsApp,,,2066026420info@shugssodafountain.com,none,info@shugssodafountain.com; 2066026420info@shugssodafountain.com
Northeast Seattle Tool Library,https://neseattletoollibrary.org,OSM,https://wa.me/065246062,065246062,site mentions WhatsApp,Money Redistribution,Partner,money.redistribution@neseattletoollibrary.org,website,info@seattlereconomy.org; nestl@seattlereconomy.org; stl@seattlereconomy.org; money.redistribution@neseattletoollibrary.org
Kin Dee,https://www.kindeeseattle.com,OSM,https://wa.me/0216889999997,0216889999997,site mentions WhatsApp,,,contact@kindeeseatle.com,none,contact@kindeeseatle.com; contact@kindeeseattle.com
Burke-Gilman Brewing Company,https://www.burkegilmanbrewing.com,OSM,https://wa.me/03049368546,03049368546,site mentions WhatsApp,,,info@burkegilmanbrewing.com,none,info@burkegilmanbrewing.com; smartypints@burkegilmanbrewing.com
Lawless Forge,https://lawlessforge.com,OSM,https://wa.me/01520153,01520153,site mentions WhatsApp,Max Levi,Founder,max@lawlessforge.com,website,info@lawlessforge.com; marysville@lawlessforge.com; sterling@lawlessforge.com; max@lawlessforge.com
The Polka Dot Jersey,https://www.thepolkadotjersey.com,OSM,https://wa.me/0548162,0548162,wa.me API check,,,info@thepolkadotjersey.com,none,info@thepolkadotjersey.com
Shug’s Mini,https://www.shugssodafountain.com,OSM,https://wa.me/04900491,04900491,site mentions WhatsApp,,,2066026420info@shugssodafountain.com,none,info@shugssodafountain.com; 2066026420info@shugssodafountain.com
Gearhouse,https://www.joingearhouse.com,OSM,https://wa.me/01320137,01320137,site mentions WhatsApp,Calendar Evan,Founder,ask@joingearhouse.com,website,ask@joingearhouse.com
Basecamp Cafe,https://www.joingearhouse.com/basecampcafe,OSM,https://wa.me/01320137,01320137,site mentions WhatsApp,,,ask@joingearhouse.com,none,ask@joingearhouse.com
Ramie,https://ramieseattle.com,OSM,https://wa.me/0127106,0127106,wa.me API check,,,info@ramieseattle.com,none,info@ramieseattle.com; kirsten@kirstengrahampr.com
Wildwood Market,https://wildwoodwestseattle.com,OSM,https://wa.me/0974479,0974479,wa.me API check,,,info@wildwoodwestseattle.com,none,info@wildwoodwestseattle.com
Cascade Bicycle Club,https://cascade.org,OSM,https://wa.me/063484846,063484846,wa.me API check,Give Volunteer,Partner,give.volunteer@cascade.org,website,info@cascade.org; give.volunteer@cascade.org
AMLI Arc,https://www.amli.com/apartments/seattle/downtown-seattle/seattle/arc,OSM,https://wa.me/0190503,0190503,wa.me API check,Lowering Our,Team Member,amliarc.5745@leads.eliseai.com,website,amliarc.5745@leads.eliseai.com
Footprint Wine,https://footprintwine.com,OSM,https://wa.me/0180919,0180919,wa.me API check,Footprint Wine,owner,footprint.wine@footprintwine.com,website,info@footprintwine.com; footprint.wine@footprintwine.com
Raccolto,https://www.raccoltoseattle.com,OSM,https://wa.me/0751811,0751811,wa.me API check,,,lesa@linster.com,none,info@raccoltoseattle.com; lesa@linster.com
Green Leaf Dental,https://www.greenleafdentalseattle.com,OSM,https://wa.me/01154782,01154782,wa.me API check,Dental Care,cto,admin@greenleafdentalseattle.com,website,admin@greenleafdentalseattle.com
Sea Wolf,https://www.seawolfbakers.com,OSM,https://wa.me/07969725285,07969725285,wa.me API check,,,classes@seawolfbakers.com,none,info@seawolfbakers.com; classes@seawolfbakers.com
uBreakiFix,https://www.ubreakifix.com/locations/seattle?utm_source=google&utm_medium=gmb&utm_campaign=seattle,OSM,https://wa.me/0646900000000,0646900000000,wa.me API check,Fix About,Partner,seattle@ubreakifix.com,website,seattle@ubreakifix.com
Avis,https://www.avis.com/en/locations/us/wa/seattle/se0,OSM,https://wa.me/0415813,0415813,wa.me API check,,,custserv@avis.com,none,custserv@avis.com
Olive My Grooming to You,https://omg2you.com,OSM,https://wa.me/055415388,055415388,site mentions WhatsApp,Contact Me,Owner,contact.me@omg2you.com,website,contact.me@omg2you.com
Shop Task Inline Skate Shop,https://usa.shop-task.com,OSM,https://wa.me/08829798,08829798,wa.me API check,,,seattle@shop-task.com,none,seattle@shop-task.com
Mary Sincavage - RE/MAX Northwest Realtors,http://www.SincavageHomes.com,OSM,https://wa.me/0377626,0377626,wa.me API check,Rental Beast,partner,mary@sincavagehomes.com,website,mary@sincavagehomes.com
Marlowe,https://www.marloweslu.com,OSM,https://wa.me/0328460,0328460,wa.me API check,,,marlowe@greystar.com,none,marlowe@greystar.com
Urban Animal,https://urbananimalnw.com/locations/downtown,OSM,https://wa.me/0260204,0260204,site mentions WhatsApp,Online Pharmacy,partner,online@urbananimalnw.com,website,downtown@urbananimalnw.com; online@urbananimalnw.com
"Davis Law Group, P.S.",https://www.injurytriallawyer.com,OSM,https://wa.me/0390131,0390131,wa.me API check,Chris Davis,Founder,info@injurytriallawyer.com,website,info@injurytriallawyer.com
Universal Tours,https://www.uttours.com,OSM,https://wa.me/0220805,0220805,wa.me API check,Contact Us,Team Member,info@uttours.com,website,info@uttours.com
Childish Things,https://childishresale.com,OSM,https://wa.me/03186430987534763517,03186430987534763517,wa.me API check,,,info@childishthingsseattle.net,none,info@childishthingsseattle.net
IAM District 751 Union Hall,https://www.iam751.org,OSM,https://wa.me/07631301,07631301,wa.me API check,,,info@iam751.org,none,info@iam751.org
Proliance Surgeons,https://proliancesurgeons.com/locations/proliance-surgeons-inc-805-madison-st-seattle,OSM,https://wa.me/0800515464,0800515464,site mentions WhatsApp,Privacy Practices,Partner,privacy.practices@proliancesurgeons.com,website,privacy.practices@proliancesurgeons.com
Body By Impulse,https://www.bodybyimpulse.com,OSM,https://wa.me/04736099,04736099,site mentions WhatsApp,,,info@bodybyimpulse.com,none,info@bodybyimpulse.com
Tavolàta,https://www.ethanstowellrestaurants.com/locations/tavolata-stone-way,OSM,https://wa.me/06641849,06641849,wa.me API check,Happy Hour,Team Member,ethan.sc@esrhospitality.com,website,ethan.sc@esrhospitality.com; rewardsclub@esrhospitality.com; stoneway@tavolata.com
Off the Rez Cafe,https://www.offthereztruck.com,OSM,https://wa.me/0973295682,0973295682,wa.me API check,,,hi@mystore.com,none,hi@mystore.com
Fulcrum Coffee,https://fulcrumcoffee.com,OSM,https://wa.me/0790917442,0790917442,wa.me API check,Errah Jurus,co-founder,errah.jurus@fulcrumcoffee.com,website,email@address.com; errah.jurus@fulcrumcoffee.com
Daiso Japan,https://daisous.com,OSM,https://wa.me/06748152,06748152,wa.me API check,,,daisogardenaec@daiso-usa.com,none,daisogardenaec@daiso-usa.com; u003edaisogardenaec@daiso-usa.com
Two Kick Coffee,https://twokickcoffee.com,OSM,https://wa.me/01100111,01100111,wa.me API check,Two Kick,Team Member,two.kick@twokickcoffee.com,website,info@twokickcoffee.com; filler@godaddy.com; two.kick@twokickcoffee.com
Johnny Mo’s,https://www.johnnymos.com,OSM,https://wa.me/0735903,0735903,wa.me API check,,,modomio@johnnymos.com,none,modomio@johnnymos.com
Le Fournil,https://le-fournil.com,OSM,https://wa.me/01018100,01018100,site mentions WhatsApp,Advanced Notice,Team Member,advanced.notice@le-fournil.com,website,info@lefournil.com; advanced.notice@le-fournil.com
Nirvana Food Truck,https://www.nirvanapizzas.com,OSM,https://wa.me/02174924,02174924,site mentions WhatsApp,,,rewards@nirvanapizzas.com,none,rewards@nirvanapizzas.com
Grace Loves Lace,https://graceloveslace.com/showrooms/seattle,OSM,https://wa.me/04802000,04802000,site mentions WhatsApp,Golden Girl,FOUNDER,golden@graceloveslace.com,website,cx@graceloveslace.com; seattle@graceloveslace.com; golden@graceloveslace.com
Massage Reimagined,https://massagereimagined.com,OSM,https://wa.me/0260526,0260526,site mentions WhatsApp,Fusion Massage,founder,fusion@massagereimagined.com,website,frontdesk@massagereimagined.com; fusion@massagereimagined.com
Baraka Gemstones and Jewelry,https://barakagems.com,OSM,https://wa.me/0984611100,0984611100,wa.me API check,Diamond Earrings,cto,diamond@barakagems.com,website,info@barakagems.com; taylor@barakagems.com; diamond@barakagems.com
The Stranger,https://www.thestranger.com,OSM,https://wa.me/0260731,0260731,site mentions WhatsApp,Just Can,Team Member,adinfo@thestranger.com,website,adinfo@thestranger.com; artdirector@thestranger.com; artseditors@thestranger.com; calendar@thestranger.com; contributions@indexnewspapers.com; contributions@noisycreek.com; demar@thestranger.com; demar@thestranger.comkatie; editor@thestranger.com; ianonymous@thestranger.com; kphoenix@thestranger.com; legaldepartment@thestranger.com; pitches@thestranger.com; reprintrequest@thestranger.com; webmaster@thestranger.com
Six Seven,https://www.edgewaterhotel.com/seattle-six-seven-restaurant.aspx,OSM,https://wa.me/0246937600,0246937600,wa.me API check,,,dining@edgewaterhotel.com,none,dining@edgewaterhotel.com; edgdesk@edgewaterhotel.com; edgesales@edgewaterhotel.com
Ugly Baby,https://uglybaby.shop,OSM,https://wa.me/074553500,074553500,wa.me API check,,,info@uglybaby.shop,none,info@uglybaby.shop
Barnes & Noble,https://barnesandnoble.com,OSM,https://wa.me/08776915,08776915,wa.me API check,Quick Add,cto,quick.add@barnesandnoble.com,website,membership@bn.com; quick.add@barnesandnoble.com
Sail Sand Point,https://www.sailsandpoint.org,OSM,https://wa.me/0260624,0260624,site mentions WhatsApp,Directions Hours,Partner,info@sailsandpoint.org,website,info@sailsandpoint.org
Belltown Yacht Club,https://screwdriverbar.com/byc,OSM,https://wa.me/091492547,091492547,wa.me API check,,,booking@bycseattle.com,none,info@screwdriverbar.com; booking@bycseattle.com
The Law Office of Laura Hofman,https://hofmanimmigration.com,OSM,https://wa.me/0940315,0940315,wa.me API check,Juris Do,cto,juris.do@hofmanimmigration.com,website,info@hofmanimmigration.com; eben@eyebytes.com; juris.do@hofmanimmigration.com
Foundation for International Understanding Through Students,https://www.fiuts.org,OSM,https://wa.me/0466861940,0466861940,site mentions WhatsApp,Ambassadors Institutional,Partner,info@fiuts.org,website,info@fiuts.org
Veridis,https://www.veridisclothier.com,OSM,https://wa.me/0858647,0858647,site mentions WhatsApp,,,info@veridisclothier.com,none,info@veridisclothier.com
The Pioneer Collective,https://www.thepioneercollective.com/seattle-ballard,OSM,https://wa.me/0381118,0381118,wa.me API check,Jobs Property,Owner,hello@thepioneercollective.com,website,hello@thepioneercollective.com; team@thepioneercollective.com; ballard@thepioneercollective.com; belltown@thepioneercollective.com; seattle@thepioneercollective.com; tacoma@thepioneercollective.com
ABC Imaging,https://abcimaging.com,OSM,https://wa.me/034298870,034298870,site mentions WhatsApp,Andrew Corn,Director,andrew@abcimaging.com,website,careers@abcimaging.com; hr@abcimaging.com; 3dhq@abcimaging.com; abcgrandformat@abcimaging.com; accounting@abcimaging.com; accountspayable@abcimaging.com; accountsreceivable@abcimaging.com; billingdepartment@abcimaging.com; bpolsupport@abcimaging.com; dc@abcimaging.com; headquarters@abcimaging.com; helpdesk@abcimaging.com; helpdeskabc@abcimaging.com; marketing@abcimaging.com; offset@abcimaging.com; purchasing@abcimaging.com; sales@abcimaging.com; scanning@abcimaging.com; supplies@abcimaging.com; andrew@abcimaging.com
Willy's Cafe,https://tenniscentersandpoint.com/amenities/cafe,OSM,https://wa.me/0260717,0260717,site mentions WhatsApp,Adults Juniors,cto,adults.juniors@tenniscentersandpoint.com,website,info@tenniscentersandpoint.com; adults.juniors@tenniscentersandpoint.com
Mercer Builders,https://www.mercerbuilders.com,OSM,https://wa.me/012886784,012886784,wa.me API check,Mercer Builders,cto,info@mercerbuilders.com,website,info@mercerbuilders.com
KUOW,https://kuow.org,OSM,https://wa.me/07692321,07692321,wa.me API check,Education Demands,president,education@kuow.org,website,letters@kuow.org; newsroom@kuow.org; education@kuow.org
Bellwether BBQ & Grill,https://bellwetherbbq.com,OSM,https://wa.me/0327555,0327555,wa.me API check,,,micah@micahrich.com,none,micah@micahrich.com
Photo Booth Picture Company,https://photoboothpicture.company,OSM,https://wa.me/0241227,0241227,site mentions WhatsApp,Picture Company,cto,picture.company@photoboothpicture.company,website,info@pbpcdev.wpenginepowered.com; picture.company@photoboothpicture.company
Sushi Suzuki,https://www.sushisuzuki.com,OSM,https://wa.me/01680169,01680169,wa.me API check,,,info@sushisuzuki.com,none,info@sushisuzuki.com
Innovative Dentistry,https://innovativedentistry.com,OSM,https://wa.me/0260518,0260518,site mentions WhatsApp,Front Desk,cto,front.desk@innovativedentistry.com,website,info@whereseattlesmiles.com; front.desk@innovativedentistry.com
Sauna Hut,https://www.thesaunahut.com,OSM,https://wa.me/04900491,04900491,site mentions WhatsApp,,,info@thesaunahut.com,none,info@thesaunahut.com; saunahut@pm.me
Onda Origins,https://ondaorigins.com,OSM,https://wa.me/04272260082047017627,04272260082047017627,wa.me API check,Neo Noir,Team Member,neo@ondaorigins.com,website,info@ondaorigins.com; ninfo@ondaorigins.com; neo@ondaorigins.com
EarthCorps,https://www.earthcorps.org,OSM,https://wa.me/063229296,063229296,wa.me API check,Community Partner,Partner,info@earthcorps.org,website,info@earthcorps.org; development@earthcorps.org; elizabeth@earthcorps.org; projects@earthcorps.org
Likelihood,https://www.likelihood.us,OSM,https://wa.me/0250812,0250812,wa.me API check,Dan Mitchell,co-founder,customercare@likelihood.us,website,customercare@likelihood.us; daniel@likelihood.us
All The Best,https://allthebestpetcare.com,OSM,https://wa.me/0140709,0140709,wa.me API check,,,customercare@allthebestpetcare.com,none,customercare@allthebestpetcare.com
Salon Republic,https://salonrepublic.com/locations/ballard-blocks-wa,OSM,https://wa.me/0250828141311,0250828141311,wa.me API check,Eric Taylor,founder,eric@salonrepublic.com,website,hello@salonrepublic.com; recruiting@salonrepublic.com; ballardblocks@salonrepublic.com; marketing@salonrepublic.com; eric@salonrepublic.com
Double O' Burgers,https://www.doubleoburgers.com,OSM,https://wa.me/0440383806721,0440383806721,wa.me API check,,,info@doubleoburgers.com,none,info@doubleoburgers.com
PlayDate SEA,https://playdatesea.com,OSM,https://wa.me/03320333,03320333,wa.me API check,,,party@playdatesea.org,none,info@playdatesea.org; party@playdatesea.org
Lakeside Dental,https://lakesidedentalwa.com,OSM,https://wa.me/0250724,0250724,site mentions WhatsApp,,,info@lakesidedentalwa.com,none,info@lakesidedentalwa.com
Ben's Bread Co.,https://bensbread.com,OSM,https://wa.me/01280129,01280129,wa.me API check,Ben Campbell,owner,ben.campbell@bensbread.com,website,info@bensbread.com; ben.campbell@bensbread.com
Top Dead Center,https://www.topdeadcenterseattle.com,OSM,https://wa.me/070154158,070154158,wa.me API check,,,info@topdeadcenterseattle.com,none,info@topdeadcenterseattle.com
Doce Donut,https://www.docedonut.com,OSM,https://wa.me/01954240,01954240,site mentions WhatsApp,,,info@docedonut.com,none,info@docedonut.com
Salon Ahda,https://salonahda.com,OSM,https://wa.me/02208404,02208404,site mentions WhatsApp,Contact Salon,owner,contact.salon@salonahda.com,website,info@salonahda.com; contact.salon@salonahda.com
Brightmont Academy,https://www.brightmontacademy.com/campuses/seattle,OSM,https://wa.me/075176828,075176828,wa.me API check,Call To,director,inquiry@brightmontacademy.com,website,inquiry@brightmontacademy.com; mymail@mailservice.com; tony.beals@brightmontacademy.com
Frontier Dermatology,https://www.frontierdermatology.com/our-locations/u-village,OSM,https://wa.me/024121698761920,024121698761920,wa.me API check,Team Careers,Partner,accessibility@redspotinteractive.com,website,accessibility@redspotinteractive.com
Outdoors for All,https://outdoorsforall.org,OSM,https://wa.me/0260713,0260713,site mentions WhatsApp,Board Members,Partner,board.members@outdoorsforall.org,website,info@outdoorsforall.org; board.members@outdoorsforall.org
Di Fiora,https://www.difiora.com,OSM,https://wa.me/01410148,01410148,wa.me API check,,,info@difiora.com,none,info@difiora.com
Cool Cat Fence,https://coolcatfence.com,OSM,https://wa.me/0260730,0260730,site mentions WhatsApp,Cool Cat,owner,cool.cat@coolcatfence.com,website,info@coolcatfence.com; cool.cat@coolcatfence.com
Mixed Pantry,https://mixedpantry.market,OSM,https://wa.me/0457495441769288867,0457495441769288867,site mentions WhatsApp,,,hello@mixedpantry.market,none,hello@mixedpantry.market
Uli’s Famous Sausage,https://ulisfamoussausage.com,OSM,https://wa.me/0260427,0260427,site mentions WhatsApp,About Us,Founder,about.us@ulisfamoussausage.com,website,sales@ulisfamoussausage.com; about.us@ulisfamoussausage.com
Cedar Crossing Leasing Office,https://www.bellwetherhousing.org/properties/cedar-crossing,OSM,https://wa.me/04959999999,04959999999,wa.me API check,Bellwether Housing,Owner,info@bellwetherhousing.org,website,info@bellwetherhousing.org; anchorflats-w@m.knck.io; annapolisapartments-w@m.knck.io; arboracourt-w@m.knck.io; bellevueoliveapartments-w@m.knck.io; cambridgeapartments-w@m.knck.io; casapacificawa-w@m.knck.io; cascadecourt-w@m.knck.io; cedarcrossing-w@m.knck.io; eaglesapartment-w@m.knck.io; firstandvine@bellwetherhousing.org; flourishonrainier-w@m.knck.io; genesee@bellwetherhousing.org; gilmoreapartmentswa-w@m.knck.io; grahamterryapts-w@m.knck.io; greenwood@bellwetherhousing.org; judkinsparkapartments-w@m.knck.io; juneautownhomeswa-w@m.knck.io; kingway_redevelopment@bellwetherhousing.org; kingwayapartments-w@m.knck.io; mercercourtwa-w@m.knck.io; meridian_manor@bellwetherhousing.org; mmayes@bellwetherhousing.org; olivetower-w@m.knck.io; oregonapartments-w@m.knck.io; pardeetownhomes-w@m.knck.io; prisma@bellwetherhousing.org; rise@bellwetherhousing.org; rosestreetapartments-w@m.knck.io; sortuncourt-w@m.knck.io; sterlingcourt-w@m.knck.io; stewartcourtwa-w@m.knck.io; stoneway-w@m.knck.io; sunbreak@bellwetherhousing.org; sunrise_tower@bellwetherhousing.org; tatemasonhouse-w@m.knck.io; thearies-w@m.knck.io; theconfluencewa-w@m.knck.io; theparkerapartments-w@m.knck.io; theriseonmadison-w@m.knck.io; thunderbirdnest@bellwetherhousing.org; viewsatmadison-w@m.knck.io; wilburton@bellwetherhousing.org
KV Construction LLC - Seattle Siding,https://kvconstruction.net,OSM,https://wa.me/0260716,0260716,site mentions WhatsApp,Affordable Prices,Owner,affordable.prices@kvconstruction.net,website,info@kvconstruction.net; affordable.prices@kvconstruction.net
Lagana Foods,https://laganafoods.com,OSM,https://wa.me/01320137,01320137,site mentions WhatsApp,,,info@laganafoods.com,none,info@laganafoods.com; kaela@laganafoods.com
Mr. Fridge,https://mrfridge.com,OSM,https://wa.me/01520153,01520153,site mentions WhatsApp,,,office@mrfridge.com,none,office@mrfridge.com
Pumarosa Candles,https://pumarosacandles.com,OSM,https://wa.me/04623417541739052901,04623417541739052901,site mentions WhatsApp,Pumarosa Candles,owner,pumarosa.candles@pumarosacandles.com,website,hello@pumarosacandles.com; pumarosa.candles@pumarosacandles.com
Neuroveda Health,https://www.neurovedahealth.com,OSM,https://wa.me/05068570,05068570,site mentions WhatsApp,Innovative Care,director,reception@neurovedahealth.com,website,reception@neurovedahealth.com
Cannolo,https://mycannolo.com,OSM,https://wa.me/02174924,02174924,site mentions WhatsApp,,,info@mycannolo.com,none,info@mycannolo.com
Taskar Center for Accessible Technology,https://tcat.cs.washington.edu,OSM,https://wa.me/024010215,024010215,site mentions WhatsApp,The Taskar,partner,the.taskar@tcat.cs.washington.edu,website,uwtcat@uw.edu; the.taskar@tcat.cs.washington.edu
Black Diamond Equipment,https://blackdiamondequipment.com/pages/retail-stores,OSM,https://wa.me/0260603,0260603,site mentions WhatsApp,Black Diamond,Partner,black.diamond@blackdiamondequipment.com,website,info@bdkorea.co.kr; info@hillrock.com.hk; bdstore@bdel.com; granary@bdel.com; jacksonhole@bdel.com; seattle.flagship@bdel.com; seattle.outlet@bdel.com; store.innsbruck@blackdiamond.eu; black.diamond@blackdiamondequipment.com
La Fête Pâtisserie Française,https://www.lafetepatisserie.com,OSM,https://wa.me/02174924,02174924,site mentions WhatsApp,,,info@lafetebellevue.com,none,info@lafetebellevue.com; info@lafetepatisserie.com
LightHeart Associates,https://lightheartassociates.com/lightheart-psychological-associates-locations/northgate-wa,OSM,https://wa.me/0260730,0260730,site mentions WhatsApp,Program Your,partner,program.your@lightheartassociates.com,website,feedback@lightheartassociates.com; program.your@lightheartassociates.com
Wingstop,https://www.wingstop.com/washington/seattle/wingstop-2616-seattle-wa-98122,OSM,https://wa.me/06659768,06659768,wa.me API check,,,helpdesk@wingstop.com,none,helpdesk@wingstop.com
Discovery Bay Children's Center,https://discoverybaycenter.org,OSM,https://wa.me/0260206,0260206,site mentions WhatsApp,Bay Lara,founder,bay@discoverybaycenter.org,website,lara@discoverybaycenter.org; bay@discoverybaycenter.org
Pacific Behavioral Healthcare,https://www.pacificbehavioralhealth.com,OSM,https://wa.me/0260626,0260626,site mentions WhatsApp,Found Out,Partner,admin@pacificbehavioralhealth.com,website,admin@pacificbehavioralhealth.com
Shibuya Hifi,https://www.shibuyahifi.com,OSM,https://wa.me/02174924,02174924,site mentions WhatsApp,,,host@shibuyahifi.com,none,host@shibuyahifi.com
Jackson Street Pizza Lounge,https://www.jacksonstreetpizzalounge.com,OSM,https://wa.me/02174924,02174924,site mentions WhatsApp,Donald Dolaghan,owner,info@jacksonstreetpizzalounge.com,website,info@jacksonstreetpizzalounge.com
Ballard Kayak and Paddleboard,https://www.ballardkayak.com,OSM,https://wa.me/0654841,0654841,site mentions WhatsApp,,,info@ballardkayak.com,none,info@ballardkayak.com
Seattle Smiles Company,https://seattlesmilescompany.com,OSM,https://wa.me/078196212885,078196212885,site mentions WhatsApp,Biomedical Engineering,cto,biomedical@seattlesmilescompany.com,website,drkashi@seattlesmilescompany.com; biomedical@seattlesmilescompany.com
Hasan Dbouk DDS,https://www.seattledentalstudio.com,OSM,https://wa.me/0260324,0260324,site mentions WhatsApp,Designed By,ceO,info@seattledentalstudio.com,website,info@seattledentalstudio.com; google@marketmymarket.com
Snow Peak,https://www.snowpeak.com,OSM,https://wa.me/0260507,0260507,site mentions WhatsApp,Korea Taiwan,cto,info@snowpeak.com,website,info@snowpeak.com; info@stagheaddesigns.com
Sip Magazine,https://sipmagazine.com,OSM,https://wa.me/0100101,0100101,site mentions WhatsApp,Bill Covaleski,Co-Founder,bill@sipmagazine.com,website,editorial@sipmagazine.com; kristin@sipmagazine.com; melissa@sippublishing.com; subscribe@sippublishing.com; bill@sipmagazine.com
The Picklr Fremont,https://thepicklr.com/location/fremont,OSM,https://wa.me/0260730,0260730,site mentions WhatsApp,Acoustics You,Team Member,acoustics.you@thepicklr.com,website,fremont.wa@thepicklrfranchise.com; acoustics.you@thepicklr.com
Flora and Henri,https://www.florahenri.com,OSM,https://wa.me/03431663513770177680,03431663513770177680,site mentions WhatsApp,Donna Moodie,Owner,info@florahenri.com,website,info@florahenri.com
Woodland Park Zoo,https://zoo.org,OSM,https://wa.me/0260727,0260727,site mentions WhatsApp,Forest Species,Partner,forest@zoo.org,website,alex.kerl@zoo.org; brambleandwoodevents@zoo.org; cap@zoo.org; concerts@zoo.org; donations@zoo.org; marketing@zoo.org; membership@zoo.org; schools@zoo.org; security@zoo.org; volunteer@zoo.org; woodlandparkzoopr@zoo.org; zooinfo@zoo.org; zooparent@zoo.org; forest@zoo.org
William Grose Center for Cultural Innovation,https://www.williamgrose.org,OSM,https://wa.me/06787384,06787384,site mentions WhatsApp,Olu Dixon,founder,ty@africatownlandtrust.org,website,ty@africatownlandtrust.org; wgc@africatownlandtrust.org
The Meridian School,https://www.meridianschool.edu,OSM,https://wa.me/0839442,0839442,site mentions WhatsApp,About About,Head of,meridianschool@meridianschool.edu,website,meridianschool@meridianschool.edu
Seattle Children's Theater,https://www.sct.org,OSM,https://wa.me/0260713,0260713,site mentions WhatsApp,Camps Near,Partner,hello@sct.org,website,hello@sct.org; donate@sct.org; dramaschool@sct.org; facilities@sct.org; fieldtrips@sct.org; lostandfound@sct.org; marketing@sct.org; rentals@sct.org; schoolprograms@sct.org; tickets@sct.org
Leif Erikson Lodge,https://www.leiferiksonlodge.com,OSM,https://wa.me/067831274,067831274,site mentions WhatsApp,More Information,partner,leiferiksonlodge@qwestoffice.net,website,leiferiksonlodge@qwestoffice.net
Veraci Pizza - Ballard,https://www.veracipizza.com/seattle/home,OSM,https://wa.me/01320137,01320137,site mentions WhatsApp,Marshall Jett,Founder,info@veracipizza.com,website,info@veracipizza.com
Daybreak Star Indian Cultural Center,https://www.unitedindians.org,OSM,https://wa.me/0260729,0260729,site mentions WhatsApp,Services Family,Director,info@unitedindians.org,website,info@unitedindians.org; accounting@unitedindians.org; daybreakstarpreschool@unitedindians.org; events@unitedindians.org; kcahb@unitedindians.org; volunteers@unitedindians.org
Pottery Studio,https://sewardparkart.org,OSM,https://wa.me/0250218,0250218,site mentions WhatsApp,,,info@sewardparkart.org,none,info@sewardparkart.org
Episcopal Diocese of Olympia,https://ecww.org,OSM,https://wa.me/02733892,02733892,site mentions WhatsApp,Resources Board,Director,resources@ecww.org,website,info@ecww.org; landacknowledgement@ecww.org; resources@ecww.org
Quinn's,https://www.quinnspubseattle.com,OSM,https://wa.me/04900491,04900491,site mentions WhatsApp,,,info@quinnspubseattle.com,none,info@quinnspubseattle.com; info@solerepairshop.com
Dunn Motors Building,https://dunnmotorsbldg.com,OSM,https://wa.me/0191005,0191005,site mentions WhatsApp,,,pm.dunn@hunterscapital.com,none,pm.dunn@hunterscapital.com
Liam Apartments,https://liamapts.com,OSM,https://wa.me/0250416,0250416,site mentions WhatsApp,,,info@liamapts.com,none,info@liamapts.com
Veraci Pizza - Wedgwood,https://www.veracipizza.com/seattle/home,OSM,https://wa.me/01320137,01320137,site mentions WhatsApp,Marshall Jett,Founder,info@veracipizza.com,website,info@veracipizza.com
AirMark,https://www.airmark.com,OSM,https://wa.me/031661973,031661973,site mentions WhatsApp,Company About,partner,customer.service@airmark.com,website,customer.service@airmark.com; sales@airmark.com
Sameday Auto Scratch and Dent Repair,https://samedaynw.com/wa-seattle,OSM,https://wa.me/0260430,0260430,site mentions WhatsApp,,,info.portland@samedaynw.com,none,info.portland@samedaynw.com; info@samedaynw.com
Phinney Ridge Dental,https://phinneyridgedental.com,OSM,https://wa.me/0260715,0260715,site mentions WhatsApp,,,office@phinneyridgedental.com,none,office@phinneyridgedental.com
Un Bien,https://unbienseattle.com,OSM,https://wa.me/01020103,01020103,site mentions WhatsApp,,,info@unbienseattle.com,none,info@unbienseattle.com
Greenlake Guest House,https://www.greenlakeguesthouse.com,OSM,https://wa.me/040479835,040479835,site mentions WhatsApp,Come Stay,Team Member,stay@greenlakeguesthouse.com,website,stay@greenlakeguesthouse.com
Seven Market & Cafe,https://sevencoffeeroasters.com,OSM,https://wa.me/08897480128931177929,08897480128931177929,site mentions WhatsApp,Hawaiian Coffee,founder,hawaiian.coffee@sevencoffeeroasters.com,website,info@sevencoffeeroasters.com; support@gist-apps.com; hawaiian.coffee@sevencoffeeroasters.com
Photographic Center Northwest,https://pcnw.org,OSM,https://wa.me/0260219,0260219,site mentions WhatsApp,Donation By,cto,donation@pcnw.org,website,apallesen@pcnw.org; frontdesk@pcnw.org; pcnw@pcnw.org; rsoldi@pcnw.org; tnovak@pcnw.org; donation@pcnw.org
Wallingford Studios,https://www.wallingfordstudios.com,OSM,https://wa.me/05882352941,05882352941,site mentions WhatsApp,Trophy Cupcakes,cto,wallingfordstudios-w@m.knck.io,website,wallingfordstudios-w@m.knck.io
Seattle Design Center,https://seattledesigncenter.com,OSM,https://wa.me/0260715,0260715,site mentions WhatsApp,Geri Mc,Partner,geri.mc@seattledesigncenter.com,website,info@blueribboncooking.com; concierge@greenbridgemgmt.com; jcowen@greenbridgemgmt.com; geri.mc@seattledesigncenter.com
Intermezzo,https://www.intermezzosalon.com,OSM,https://wa.me/019015172,019015172,site mentions WhatsApp,Cards Products,partner,info@intermezzosalon.com,website,info@intermezzosalon.com
The Paramount Hotel,https://www.paramounthotelseattle.com,OSM,https://wa.me/063364622219,063364622219,site mentions WhatsApp,,,reservations@paramounthotelseattle.com,none,reservations@paramounthotelseattle.com
